cycle_idx,dod,sigma_bar,measured,expected,ratio,pass
0,0.8,0.5,1.5557016639804915,3.456988014095165e-13,4500165050146.065,False
1,0.8,0.5,0.8879421127364678,3.456988014095165e-13,2568542642080.518,False
2,0.6754721626442224,0.5622639186778888,2.5503329159075614,3.578505182035022e-13,7126810738491.763,False
3,0.8000000000000004,0.5000000000000002,1.921492998348267,3.456988014095166e-13,5558286550354.7295,False
4,0.49501925192887647,0.34750962596443824,3.4761061694113105,2.7077317117213935e-13,12837705280636.67,False
5,0.31325941426997017,0.7433702928650149,1.158702056470437,3.7663935411347314e-13,3076423225071.02,False
6,0.8000000000000004,0.5000000000000002,1.853422914911604,3.456988014095166e-13,5361380795520.981,False
9,0.8000000000000004,0.5000000000000002,1.2423187472039243,3.456988014095166e-13,3593644936397.2974,False
10,0.8000000000000004,0.5000000000000002,0.6242781898631571,3.456988014095166e-13,1805844241628.2314,False
13,0.8000000000000004,0.5000000000000002,1.7096797291301944,3.456988014095166e-13,4945576097340.583,False
14,0.27215830763998883,0.44172102011060377,3.4761061694113105,2.6839592426012715e-13,12951411907590.283,False
15,0.014791988142600493,0.8926040059286997,3.4761061694113105,2.550483032618965e-13,13629207193124.781,False
16,0.8000000000000004,0.5000000000000002,2.1310610705675233,3.456988014095166e-13,6164502340993.242,False
18,0.8000000000000004,0.5000000000000002,1.7883908252244454,3.456988014095166e-13,5173263019520.592,False
19,0.8000000000000004,0.5000000000000002,1.0655305352837616,3.456988014095166e-13,3082251170496.621,False
23,0.8000000000000004,0.5000000000000002,2.639006769608133,3.456988014095166e-13,7633832569994.802,False
25,0.8000000000000004,0.5000000000000002,1.4358398366852614,3.456988014095166e-13,4153441755744.932,False
27,0.8000000000000004,0.5000000000000002,1.4397302982149005,3.456988014095166e-13,4164695660918.3857,False
28,0.8000000000000004,0.5000000000000002,0.8879421127364681,3.456988014095166e-13,2568542642080.518,False
29,0.8000000000000004,0.5000000000000002,1.3450450988437868,3.456988014095166e-13,3890800585248.3105,False
30,0.8000000000000004,0.5000000000000002,1.1044921820655857,3.456988014095166e-13,3194955196726.871,False
31,0.8000000000000004,0.5000000000000002,2.087446289155687,3.456988014095166e-13,6038338231560.39,False
32,0.6639454689790777,0.4319727344895388,3.362612747109467,3.1154372559840033e-13,10793389405133.098,False
33,0.2585778791935667,0.22928893959678334,3.4761061694113105,2.1323514281905364e-13,16301750843954.709,False
34,0.8,0.5,1.4573330948043208,3.456988014095165e-13,4215615121783.3027,False
35,0.8,0.5,2.0402663327260493,3.456988014095165e-13,5901861170496.624,False
36,0.8000000000000004,0.5000000000000002,0.7531023189024839,3.456988014095166e-13,2178492710509.444,False
38,0.5264897097442686,0.5933838181073101,3.339914062649099,3.535391604387941e-13,9447083764366.512,False
39,0.8000000000000004,0.5000000000000002,0.7286665474021604,3.456988014095166e-13,2107807560891.651,False
40,0.8000000000000004,0.5000000000000002,0.6338360955122062,3.456988014095166e-13,1833492314488.4167,False
44,0.8000000000000004,0.5000000000000002,1.1502951362999299,3.456988014095166e-13,3327449015182.6826,False
45,0.8000000000000004,0.5000000000000002,0.3054978375926088,3.456988014095166e-13,883711011860.6239,False
46,0.8000000000000004,0.5000000000000002,3.4004438878767487,3.456988014095166e-13,9836435284161.037,False
47,0.4478175371944216,0.6760912314027892,3.4761061694113105,3.7432179424067905e-13,9286411378911.766,False
48,0.8000000000000004,0.5000000000000002,1.280269670287212,3.456988014095166e-13,3703425250730.325,False
52,0.8000000000000004,0.5000000000000002,2.292183352429353,3.456988014095166e-13,6630579403467.53,False
55,0.8000000000000004,0.5000000000000002,1.6419537618970552,3.456988014095166e-13,4749665764539.312,False
56,0.8000000000000004,0.5000000000000002,2.550332915907561,3.456988014095166e-13,7377326463120.776,False
57,0.8,0.5,2.5503329159075614,3.456988014095165e-13,7377326463120.78,False
58,0.8000000000000004,0.5000000000000002,0.6297366674482784,3.456988014095166e-13,1821633933588.011,False
62,0.8000000000000004,0.5000000000000002,0.9629796751208551,3.456988014095166e-13,2785603164357.2417,False
63,0.8000000000000004,0.5000000000000002,1.3053089424411466,3.456988014095166e-13,3775856141586.302,False
64,0.5000000000000004,0.6500000000000002,2.317404112940874,3.7154083667296134e-13,6237279685572.505,False
65,0.8000000000000004,0.5000000000000002,1.4944945542708743,3.456988014095166e-13,4323111761387.012,False
66,0.8000000000000004,0.5000000000000002,0.31339133390698876,3.456988014095166e-13,906544461910.7711,False
68,0.8000000000000004,0.5000000000000002,1.3195033848040667,3.456988014095166e-13,3816916284997.402,False
69,0.20547090306523327,0.2027354515326166,3.4761061694113105,1.9908612060673903e-13,17460313952662.578,False
70,0.49723003726796494,0.6513849813660175,2.3930663944754356,3.7170754566138123e-13,6438035553508.713,False
71,0.8000000000000004,0.5000000000000002,0.6948251033247286,3.456988014095166e-13,2009914701733.765,False
72,0.8000000000000004,0.5000000000000002,1.3349832114948061,3.456988014095166e-13,3861694648785.8315,False
73,0.04619280944679427,0.12309640472339711,2.783261718874249,1.403953607296061e-13,19824456480685.72,False
74,0.8,0.5,1.7002219439383743,3.456988014095165e-13,4918217642080.5205,False
75,0.8000000000000004,0.5000000000000002,0.982364293898294,3.456988014095166e-13,2841676887200.37,False
77,0.8000000000000004,0.5000000000000002,1.2001566663094407,3.456988014095166e-13,3471683041468.6016,False
78,0.8000000000000004,0.5000000000000002,1.3319131691047021,3.456988014095166e-13,3852813963120.777,False
79,0.8000000000000004,0.5000000000000002,2.4935862047566397,3.456988014095166e-13,7213175731560.39,False
80,0.8,0.5,3.4004438878767487,3.456988014095165e-13,9836435284161.041,False
81,0.8000000000000004,0.5000000000000002,1.1163513650219479,3.456988014095166e-13,3229260154996.928,False
83,0.8000000000000004,0.5000000000000002,2.4505062860646953,3.456988014095166e-13,7088558814995.175,False
84,0.8,0.5,2.5503329159075614,3.456988014095165e-13,7377326463120.78,False
85,0.7763809776332043,0.5118095111833979,3.5517684509458722,3.4810339873368765e-13,10203199577672.352,False
86,0.8000000000000004,0.5000000000000002,0.6893371474267769,3.456988014095166e-13,1994039738107.6958,False
87,0.8000000000000004,0.5000000000000002,1.7096797291301946,3.456988014095166e-13,4945576097340.584,False
88,0.3483077806858793,0.2741538903429397,3.4761061694113105,2.3562389763637203e-13,14752774248628.346,False
89,0.8,0.5,0.6800887775753497,3.456988014095165e-13,1967287056832.208,False
90,0.5000000000000001,0.65,2.3930663944754356,3.715408366729612e-13,6440924276062.467,False
91,0.8,0.5,1.9863463825207486,3.456988014095165e-13,5745887386423.746,False
92,0.8000000000000004,0.5000000000000002,1.1504651336659648,3.456988014095166e-13,3327940765126.107,False
95,0.8000000000000004,0.5000000000000002,1.0131435431882634,3.456988014095166e-13,2930711761387.012,False
96,0.8,0.5,3.4004438878767487,3.456988014095165e-13,9836435284161.041,False
97,0.8000000000000004,0.5000000000000002,1.6625190026175207,3.456988014095166e-13,4809154662495.031,False
99,0.8000000000000004,0.5000000000000002,2.1501620592789195,3.456988014095166e-13,6219755609542.384,False
100,0.8000000000000004,0.5000000000000002,2.1310610705675233,3.456988014095166e-13,6164502340993.242,False
102,0.8000000000000004,0.5000000000000002,2.5503329159075614,3.456988014095166e-13,7377326463120.778,False
103,0.8000000000000004,0.5000000000000002,0.2477977989032004,3.456988014095166e-13,716802597789.912,False
105,0.8000000000000004,0.5000000000000002,2.6900901976875735,3.456988014095166e-13,7781601170496.621,False
106,0.8000000000000004,0.5000000000000002,2.1310610705675233,3.456988014095166e-13,6164502340993.242,False
107,0.8000000000000004,0.5000000000000002,0.4203265933886834,3.456988014095166e-13,1215875182890.0972,False
108,0.8000000000000004,0.5000000000000002,0.7610932394884012,3.456988014095166e-13,2201607978926.158,False
112,0.8000000000000004,0.5000000000000002,2.550332915907561,3.456988014095166e-13,7377326463120.776,False
113,0.8,0.5,1.7002219439383743,3.456988014095165e-13,4918217642080.5205,False
114,0.1814940658409991,0.8092529670795005,0.8690265423528276,3.6590129821867643e-13,2375029950928.0903,False
115,0.8000000000000004,0.5000000000000002,0.9269616451763495,3.456988014095166e-13,2681414113664.4146,False
116,0.8000000000000004,0.5000000000000002,0.9715553965362137,3.456988014095166e-13,2810410081188.867,False
117,0.8,0.5,1.7002219439383743,3.456988014095165e-13,4918217642080.5205,False
118,0.8000000000000004,0.5000000000000002,1.0467712238702909,3.456988014095166e-13,3027986268978.353,False
119,0.8000000000000004,0.5000000000000002,1.6813063735547336,3.456988014095166e-13,4863500731560.389,False
120,0.31423814586228466,0.25711907293114233,3.4004438878767487,2.272711405719913e-13,14962057564011.787,False
121,0.12033408138394987,0.16016704069197493,1.3904424677645242,1.7311354870002015e-13,8031967908958.719,False
122,0.8000000000000004,0.5000000000000002,1.179337224161681,3.456988014095166e-13,3411458817193.3867,False
123,0.8000000000000004,0.5000000000000002,0.8966967325625246,3.456988014095166e-13,2593867056832.2075,False
124,0.8,0.5,1.7002219439383743,3.456988014095165e-13,4918217642080.5205,False
125,0.6832999118254155,0.4416499559127077,2.5503329159075614,3.1631350447874044e-13,8062674782445.055,False
126,0.8000000000000004,0.5000000000000002,1.6144402049753963,3.456988014095166e-13,4670077531055.486,False
128,0.8000000000000004,0.5000000000000002,2.1441930003066085,3.456988014095166e-13,6202488963120.778,False
129,0.23545106846466202,0.782274465767669,1.7758842254729361,3.7269986156780944e-13,4764917856428.637,False
130,0.8,0.5,1.3035398135292413,3.456988014095165e-13,3770738597340.5835,False
132,0.8000000000000004,0.5000000000000002,0.9266221046984635,3.456988014095166e-13,2680431927794.803,False
133,0.8000000000000004,0.5000000000000002,2.1441930003066085,3.456988014095166e-13,6202488963120.778,False
134,0.8000000000000004,0.5000000000000002,1.7758842254729361,3.456988014095166e-13,5137085284161.036,False
136,0.201774250391576,0.799112874804212,2.8997261203575926,3.6897498230992845e-13,7858869190003.525,False
137,0.8000000000000004,0.5000000000000002,1.1262753643841958,3.456988014095166e-13,3257967224046.0103,False
138,0.8,0.5,2.087446289155687,3.456988014095165e-13,6038338231560.392,False
139,0.8000000000000004,0.5000000000000002,1.34788071295288,3.456988014095166e-13,3899003142206.9453,False
140,0.8000000000000004,0.5000000000000002,3.362612747109467,3.456988014095166e-13,9727001463120.777,False
141,0.8000000000000004,0.5000000000000002,1.7947997958565767,3.456988014095166e-13,5191802194681.165,False
142,0.8000000000000004,0.5000000000000002,3.339914062649099,3.456988014095166e-13,9661341170496.623,False
143,0.32183761149656825,0.26091880574828413,3.4761061694113105,2.291465133364061e-13,15169797344060.383,False
144,0.74867659720178,0.52566170139911,3.5517684509458722,3.508710502260021e-13,10122717302148.8,False
145,0.3507619843969218,0.7246190078015391,3.5517684509458722,3.7689782043608585e-13,9423690608866.705,False
146,0.8000000000000004,0.5000000000000002,1.6392777465904023,3.456988014095166e-13,4741924877687.109,False
147,0.24170923816815437,0.7791453809159232,3.4761061694113105,3.732328247007569e-13,9313506045987.014,False
148,0.06599537478598175,0.8670023126070094,2.6638263382094043,3.2434785072245896e-13,8212868783548.106,False
149,0.8000000000000004,0.5000000000000002,2.4815936155494813,3.456988014095166e-13,7178484870156.586,False
150,0.8000000000000004,0.5000000000000002,2.1310610705675233,3.456988014095166e-13,6164502340993.242,False
151,0.8000000000000004,0.5000000000000002,2.6446928287668365,3.456988014095166e-13,7650280585248.312,False
152,0.5376010420253577,0.3688005210126789,3.3058660359585454,2.809442325576801e-13,11766983097899.42,False
154,0.8000000000000004,0.5000000000000002,2.0612352022503324,3.456988014095166e-13,5962517642080.519,False
155,0.5343340997868592,0.6328329501065707,1.5221864789768025,3.6931934623274223e-13,4121599625104.752,False
157,0.19774465839902103,0.5709887075653136,2.2039106906390304,2.899992301242971e-13,7599712211975.212,False
158,0.6921659451124398,0.5539170274437801,2.9863251960942376,3.5630715177282344e-13,8381322634798.747,False
159,0.8000000000000004,0.5000000000000002,1.8391529913405928,3.456988014095166e-13,5320102308257.42,False
161,0.8000000000000004,0.5000000000000002,2.5801881256261816,3.456988014095166e-13,7463688375852.01,False
162,0.8000000000000004,0.5000000000000002,2.6279758502297903,3.456988014095166e-13,7601923522774.024,False
163,0.8000000000000004,0.5000000000000002,2.6638263382094043,3.456988014095166e-13,7705627926241.554,False
164,0.8000000000000004,0.5000000000000002,2.9385475875187073,3.456988014095166e-13,8500311761387.013,False
165,0.2,0.5,3.4761061694113105,2.699062468294227e-13,12878939299275.148,False
166,0.8,0.5,2.317404112940874,3.456988014095165e-13,6703535284161.039,False
167,0.8000000000000004,0.5000000000000002,1.4875170023419924,3.456988014095166e-13,4302927855916.6074,False
168,0.8000000000000004,0.5000000000000002,2.783261718874249,3.456988014095166e-13,8051117642080.519,False
169,0.22699950202558056,0.21349975101279023,2.317404112940874,2.0494088386948696e-13,11307671115621.188,False
170,0.8000000000000004,0.5000000000000002,1.7201420362731055,3.456988014095166e-13,4975840324755.469,False
172,0.7238506294826305,0.5380746852586852,3.5895995917131533,3.5329659954878416e-13,10160300428302.004,False
173,0.8000000000000004,0.5000000000000002,1.4227344946113225,3.456988014095166e-13,4115532043531.571,False
174,0.4929233169107427,0.34646165845537136,3.4761061694113105,2.7027340939100826e-13,12861443444413.652,False
175,0.5698610367648241,0.6150694816175879,1.7380530847056552,3.667497764599493e-13,4739070604165.612,False
176,0.8000000000000004,0.5000000000000002,0.8803758845830119,3.456988014095166e-13,2546655877872.4663,False
179,0.3039705148498399,0.7480147425750804,3.5517684509458722,3.7643464916382097e-13,9435285669997.33,False
181,0.8000000000000004,0.5000000000000002,2.1987162038904544,3.456988014095166e-13,6360207773141.347,False
182,0.053289918653808,0.40645203970832827,3.4761061694113105,1.9338212581229926e-13,17975322976774.45,False
183,0.5698610367648241,0.38493051838241205,2.8071487950072176,2.886847567748864e-13,9723924554825.752,False
184,0.8000000000000004,0.5000000000000002,2.3856529018922137,3.456988014095166e-13,6900957978926.16,False
185,0.8000000000000004,0.5000000000000002,3.2903896601901126,3.456988014095166e-13,9518082350225.738,False
186,0.5698610367648241,0.38493051838241205,2.6900901976875735,2.886847567748864e-13,9318435194641.33,False
187,0.4253921374221783,0.3126960687110891,3.4761061694113105,2.541724723996477e-13,13676170895271.695,False
188,0.05778058006634097,0.8711097099668295,3.4761061694113105,3.1809691277607195e-13,10927821144427.002,False
189,0.8000000000000004,0.5000000000000002,1.4117258490953684,3.456988014095166e-13,4083687427724.201,False
191,0.8000000000000004,0.5000000000000002,1.823658377738874,3.456988014095166e-13,5275281170496.622,False
192,0.8000000000000004,0.5000000000000002,2.0511997666932307,3.456988014095166e-13,5933488222492.761,False
193,0.8000000000000004,0.5000000000000002,1.6813063735547336,3.456988014095166e-13,4863500731560.389,False
194,0.8000000000000004,0.5000000000000002,1.7758842254729361,3.456988014095166e-13,5137085284161.036,False
195,0.8000000000000004,0.5000000000000002,2.8498128054361596,3.456988014095166e-13,8243629407497.587,False
196,0.12639932735540813,0.16319966367770405,2.6446928287668365,1.7519167725072716e-13,15095995827369.473,False
197,0.44981301961614006,0.32490650980807007,3.4761061694113105,2.5999892300736506e-13,13369694494130.047,False
198,0.018285126033856614,0.8908574369830717,1.7380530847056552,2.644057853782472e-13,6573430616199.541,False
199,0.002305375640853337,0.8988473121795733,3.4761061694113105,1.842124088662887e-13,18870097789853.32,False
200,0.8000000000000004,0.5000000000000002,0.9789876884295245,3.456988014095166e-13,2831909409109.61,False
201,0.8000000000000004,0.5000000000000002,1.519715314782395,3.456988014095166e-13,4396067642080.518,False
202,0.8,0.5,1.8555078125828328,3.456988014095165e-13,5367411761387.015,False
203,0.6963498848562181,0.448174942428109,1.5736646200909234,3.195447353816698e-13,4924708329840.925,False
204,0.8000000000000004,0.5000000000000002,1.689413046576294,3.456988014095166e-13,4886950836069.016,False
205,0.29520493018475025,0.7523975349076253,3.4761061694113105,3.761841000646576e-13,9240438840487.533,False
206,0.33972207352964784,0.5000000000000002,1.1019553453195152,2.966820415218903e-13,3714263727143.0835,False
207,0.8000000000000004,0.5000000000000002,2.319780896286074,3.456988014095166e-13,6710410585248.311,False
208,0.8,0.5,2.9385475875187073,3.456988014095165e-13,8500311761387.015,False
209,0.50207802456178,0.35103901228089,3.362612747109467,2.7245672407556544e-13,12341823306136.69,False
211,0.5,0.35,3.4761061694113105,2.719610294271e-13,12781633371273.48,False
212,0.8000000000000004,0.5000000000000002,1.5124649788044224,3.456988014095166e-13,4375094656497.6616,False
213,0.8000000000000004,0.5000000000000002,1.8555078125828328,3.456988014095166e-13,5367411761387.013,False
214,0.8000000000000004,0.5000000000000002,0.5919614084909788,3.456988014095166e-13,1712361761387.0122,False
215,0.8000000000000004,0.5000000000000002,2.2417418314063116,3.456988014095166e-13,6484667642080.519,False
216,0.5,0.35,3.4761061694113105,2.719610294271e-13,12781633371273.48,False
217,0.8000000000000004,0.5000000000000002,0.9686641229852377,3.456988014095166e-13,2802046518633.292,False
219,0.8000000000000004,0.5000000000000002,1.854787575205499,3.456988014095166e-13,5365328336815.11,False
220,0.3344494236924051,0.7327752881537974,3.5517684509458722,3.7689050976929057e-13,9423873403233.338,False
221,0.8000000000000004,0.5000000000000002,0.9572265577901742,3.456988014095166e-13,2768961170496.621,False
222,0.8000000000000004,0.5000000000000002,2.373608997959624,3.456988014095166e-13,6866118679849.961,False
223,0.8000000000000004,0.5000000000000002,1.5221864789768025,3.456988014095166e-13,4403215957852.316,False
224,0.8000000000000004,0.5000000000000002,2.783261718874249,3.456988014095166e-13,8051117642080.519,False
225,0.8,0.5,2.2417418314063116,3.456988014095165e-13,6484667642080.5205,False
226,0.5698610367648241,0.38493051838241205,3.313972708980106,2.886847567748864e-13,11479555574748.652,False
227,0.8000000000000004,0.5000000000000002,1.7002219439383741,3.456988014095166e-13,4918217642080.519,False
228,0.8000000000000004,0.5000000000000002,2.6446928287668365,3.456988014095166e-13,7650280585248.312,False
229,0.8000000000000004,0.5000000000000002,2.1310610705675233,3.456988014095166e-13,6164502340993.242,False
230,0.8000000000000004,0.5000000000000002,3.3058660359585454,3.456988014095166e-13,9562850731560.389,False
231,0.8000000000000004,0.5000000000000002,1.7758842254729361,3.456988014095166e-13,5137085284161.036,False
232,0.1674516154698326,0.8162741922650841,3.5517684509458722,3.6332183906569095e-13,9775818761898.564,False
233,0.8000000000000004,0.5000000000000002,2.829847479467586,3.456988014095166e-13,8185875877872.466,False
234,0.8000000000000004,0.5000000000000002,0.5327652676418808,3.456988014095166e-13,1541125585248.3105,False
235,0.8000000000000004,0.5000000000000002,2.2417418314063116,3.456988014095166e-13,6484667642080.519,False
236,0.8000000000000004,0.5000000000000002,0.7179199183426307,3.456988014095166e-13,2076720877872.466,False
237,0.8000000000000004,0.5000000000000002,0.7472472771354371,3.456988014095166e-13,2161555880693.506,False
238,0.8,0.5,2.5503329159075614,3.456988014095165e-13,7377326463120.78,False
239,0.35695908030823564,0.2784795401541178,3.313972708980106,2.377252726959123e-13,13940346650560.766,False
240,0.8,0.5,1.7002219439383743,3.456988014095165e-13,4918217642080.5205,False
242,0.8,0.5,2.266962591917832,3.456988014095165e-13,6557623522774.025,False
243,0.8000000000000004,0.5000000000000002,1.8287289466968057,3.456988014095166e-13,5289948762450.246,False
244,0.8000000000000004,0.5000000000000002,2.2417418314063116,3.456988014095166e-13,6484667642080.519,False
245,0.8,0.5,0.6800887775753497,3.456988014095165e-13,1967287056832.208,False
246,0.06876386874408598,0.13438193437204296,2.317404112940874,1.5250963525815017e-13,15195132484700.05,False
247,0.7259890651919181,0.537005467404041,2.6518882202647815,3.530898593329271e-13,7510519348459.47,False
248,0.8000000000000004,0.5000000000000002,1.163428079985592,3.456988014095166e-13,3365438570344.9087,False
250,0.8000000000000004,0.5000000000000002,1.2576798351185883,3.456988014095166e-13,3638079825532.094,False
251,0.8000000000000004,0.5000000000000002,2.0511997666932307,3.456988014095166e-13,5933488222492.761,False
252,0.8000000000000004,0.5000000000000002,2.9385475875187073,3.456988014095166e-13,8500311761387.013,False
253,0.5698610367648241,0.38493051838241205,2.2165210708947907,2.886847567748864e-13,7677998297025.474,False
254,0.8000000000000004,0.5000000000000002,1.6107365784679333,3.456988014095166e-13,4659364081971.017,False
256,0.8000000000000004,0.5000000000000002,2.2417418314063116,3.456988014095166e-13,6484667642080.519,False
257,0.8000000000000004,0.5000000000000002,2.317404112940874,3.456988014095166e-13,6703535284161.037,False
261,0.8000000000000004,0.5000000000000002,1.6336708573764633,3.456988014095166e-13,4725705876663.449,False
262,0.8000000000000004,0.5000000000000002,1.3319131691047021,3.456988014095166e-13,3852813963120.777,False
263,0.8000000000000004,0.5000000000000002,2.783261718874249,3.456988014095166e-13,8051117642080.519,False
264,0.8,0.5,2.9385475875187073,3.456988014095165e-13,8500311761387.015,False
265,0.8,0.5,2.9385475875187073,3.456988014095165e-13,8500311761387.015,False
267,0.3973068360680783,0.29865341803403916,2.2165210708947907,2.4745153512088785e-13,8957394706854.215,False
268,0.6218070464435682,0.4109035232217841,2.07596871509994,3.0124430022542156e-13,6891312843252.104,False
269,0.6014347563620943,0.4708469799470441,3.6122982761735214,3.187208544368268e-13,11333736797852.084,False
270,0.7484259871532138,0.525787006423393,2.8716796733705228,3.5089580400547747e-13,8183852985958.464,False
271,0.8,0.5,3.0518429228474986,3.456988014095165e-13,8828040219995.645,False
272,0.16323186414020155,0.2597991540443261,3.5517684509458722,2.0275502250162823e-13,17517536222400.357,False
273,0.8000000000000004,0.5000000000000002,1.9845933524769528,3.456988014095166e-13,5740816411237.692,False
274,0.5177257386380107,0.641137130680995,2.6638263382094043,3.704286675180767e-13,7191199201879.836,False
275,0.8000000000000004,0.5000000000000002,2.749754280231612,3.456988014095166e-13,7954190957619.893,False
276,0.8000000000000004,0.5000000000000002,1.3319131691047021,3.456988014095166e-13,3852813963120.777,False
277,0.8000000000000004,0.5000000000000002,2.783261718874249,3.456988014095166e-13,8051117642080.519,False
279,0.8,0.5,1.905949333605874,3.456988014095165e-13,5513323522774.025,False
280,0.8,0.5,1.7002219439383743,3.456988014095165e-13,4918217642080.5205,False
281,0.3995544096072953,0.29977720480364767,3.4761061694113105,2.479905344279899e-13,14017092133896.275,False
282,0.5287443156374728,0.36437215781873644,2.6900901976875735,2.788251879372018e-13,9647945429856.385,False
283,0.8,0.5,1.921492998348267,3.456988014095165e-13,5558286550354.731,False
284,0.5,0.35,3.4761061694113105,2.719610294271e-13,12781633371273.48,False
285,0.8000000000000004,0.5000000000000002,1.3974310407388313,3.456988014095166e-13,4042336956451.947,False
286,0.8000000000000004,0.5000000000000002,1.6813063735547336,3.456988014095166e-13,4863500731560.389,False
287,0.8000000000000004,0.5000000000000002,2.1310610705675233,3.456988014095166e-13,6164502340993.242,False
288,0.8000000000000004,0.5000000000000002,1.6813063735547336,3.456988014095166e-13,4863500731560.389,False
289,0.8000000000000004,0.5000000000000002,1.7758842254729361,3.456988014095166e-13,5137085284161.036,False
290,0.33923915564403395,0.7303804221779835,2.317404112940874,3.7690858449727536e-13,6148451397125.518,False
291,0.13835761718721065,0.3993177718287816,2.7454305781069674,2.2759818037266865e-13,12062620947195.652,False
292,0.8000000000000004,0.5000000000000002,3.1320607274879797,3.456988014095166e-13,9060085585248.31,False
293,0.10946959578137336,0.15473479789068667,2.9385475875187073,1.6925474047360078e-13,17361685582904.203,False
295,0.8000000000000004,0.5000000000000002,1.8780393394295665,3.456988014095166e-13,5432588518595.502,False
296,0.8000000000000004,0.5000000000000002,2.9385475875187073,3.456988014095166e-13,8500311761387.013,False
297,0.8000000000000004,0.5000000000000002,1.3319131691047021,3.456988014095166e-13,3852813963120.777,False
298,0.8000000000000004,0.5000000000000002,3.339914062649099,3.456988014095166e-13,9661341170496.623,False
299,0.8000000000000004,0.5000000000000002,1.7947997958565767,3.456988014095166e-13,5191802194681.165,False
300,0.8000000000000004,0.5000000000000002,2.3856529018922137,3.456988014095166e-13,6900957978926.16,False
301,0.8000000000000004,0.5000000000000002,1.5221864789768025,3.456988014095166e-13,4403215957852.316,False
302,0.8000000000000004,0.5000000000000002,2.8498128054361596,3.456988014095166e-13,8243629407497.587,False
303,0.8000000000000004,0.5000000000000002,1.7758842254729361,3.456988014095166e-13,5137085284161.036,False
304,0.8000000000000004,0.5000000000000002,1.7235374410519635,3.456988014095166e-13,4985662183451.576,False
305,0.8000000000000004,0.5000000000000002,1.3319131691047021,3.456988014095166e-13,3852813963120.777,False
306,0.27631435849221997,0.7618428207538903,2.317404112940874,3.754388261198315e-13,6172521198436.763,False
307,0.8000000000000004,0.5000000000000002,2.9443120628763095,3.456988014095166e-13,8516986610516.077,False
308,0.8000000000000004,0.5000000000000002,2.1310610705675233,3.456988014095166e-13,6164502340993.242,False
309,0.8000000000000004,0.5000000000000002,2.6446928287668365,3.456988014095166e-13,7650280585248.312,False
310,0.8000000000000004,0.5000000000000002,1.7758842254729361,3.456988014095166e-13,5137085284161.036,False
311,0.14080749554235278,0.8295962522288239,2.6638263382094043,3.5716749528064214e-13,7458199229793.628,False
312,0.8000000000000004,0.5000000000000002,2.465767979733098,3.456988014095166e-13,7132706187234.176,False
313,0.8000000000000004,0.5000000000000002,2.1310610705675233,3.456988014095166e-13,6164502340993.242,False
314,0.28102445964122846,0.4706511930557905,1.8135172398230106,2.7818151554896224e-13,6519186712475.21,False
315,0.8000000000000004,0.5000000000000002,3.2995608458306656,3.456988014095166e-13,9544611761387.014,False
316,0.26252988542331307,0.23126494271165654,2.4935862047566397,2.142531970636613e-13,11638501730341.59,False
317,0.8000000000000004,0.5000000000000002,1.8085259214319616,3.456988014095166e-13,5231507642080.519,False
318,0.46657179989018277,0.43657513681973265,2.9385475875187073,2.939305239098201e-13,9997422344677.186,False
319,0.8000000000000004,0.5000000000000002,3.3058660359585454,3.456988014095166e-13,9562850731560.389,False
320,0.8000000000000004,0.5000000000000002,2.1824843317944698,3.456988014095166e-13,6313253973967.608,False
321,0.8000000000000004,0.5000000000000002,2.6446928287668365,3.456988014095166e-13,7650280585248.312,False
322,0.8000000000000004,0.5000000000000002,0.5608055448861904,3.456988014095166e-13,1622237458156.1167,False
323,0.8000000000000004,0.5000000000000002,2.2417418314063116,3.456988014095166e-13,6484667642080.519,False
325,0.8000000000000004,0.5000000000000002,1.0655305352837616,3.456988014095166e-13,3082251170496.621,False
326,0.8000000000000004,0.5000000000000002,2.7291539956306754,3.456988014095166e-13,7894600688527.425,False
327,0.8000000000000004,0.5000000000000002,1.7758842254729361,3.456988014095166e-13,5137085284161.036,False
328,0.8000000000000004,0.5000000000000002,2.8498128054361596,3.456988014095166e-13,8243629407497.587,False
329,0.8000000000000004,0.5000000000000002,1.7758842254729361,3.456988014095166e-13,5137085284161.036,False
330,0.8000000000000004,0.5000000000000002,2.8997261203575926,3.456988014095166e-13,8388013231560.389,False
331,0.8000000000000004,0.5000000000000002,1.1839228169819576,3.456988014095166e-13,3424723522774.0244,False
332,0.8000000000000004,0.5000000000000002,2.783261718874249,3.456988014095166e-13,8051117642080.519,False
333,0.8000000000000004,0.5000000000000002,1.7758842254729361,3.456988014095166e-13,5137085284161.036,False
334,0.4968078051772685,0.6515960974113657,1.1208709157031558,3.7173278375189375e-13,3015259790622.2354,False
335,0.8000000000000004,0.5000000000000002,2.2417418314063116,3.456988014095166e-13,6484667642080.519,False
336,0.8,0.5,1.4573330948043208,3.456988014095165e-13,4215615121783.3027,False
337,0.8000000000000004,0.5000000000000002,1.4192614702172102,3.456988014095166e-13,4105485655230.68,False
338,0.8000000000000004,0.5000000000000002,2.3856529018922137,3.456988014095166e-13,6900957978926.16,False
339,0.2547130411773175,0.7726434794113413,3.5517684509458722,3.742019826100319e-13,9491581060507.865,False
340,0.4051725484703786,0.6974137257648106,0.9931731912603744,3.759384253086387e-13,2641850697876.9116,False
341,0.8,0.5,1.7153544002452867,3.456988014095165e-13,4961991170496.624,False
342,0.02431202317340194,0.887843988413299,3.4761061694113105,2.7733073465882424e-13,12534154116339.324,False
343,0.8000000000000004,0.5000000000000002,1.5207964491174482,3.456988014095166e-13,4399195030230.68,False
344,0.8000000000000004,0.5000000000000002,1.3139879251148952,3.456988014095166e-13,3800961761387.012,False
345,0.8000000000000004,0.5000000000000002,1.5221864789768025,3.456988014095166e-13,4403215957852.316,False
346,0.8000000000000004,0.5000000000000002,1.6813063735547336,3.456988014095166e-13,4863500731560.389,False
347,0.8000000000000004,0.5000000000000002,1.3319131691047021,3.456988014095166e-13,3852813963120.777,False
348,0.5403463699082078,0.6298268150458964,2.6638263382094043,3.6890268902939173e-13,7220945841349.419,False
349,0.8000000000000004,0.5000000000000002,3.0720049254285504,3.456988014095166e-13,8886362674394.805,False
350,0.8000000000000004,0.5000000000000002,1.7758842254729361,3.456988014095166e-13,5137085284161.036,False
351,0.8000000000000004,0.5000000000000002,3.3058660359585454,3.456988014095166e-13,9562850731560.389,False
352,0.8000000000000004,0.5000000000000002,2.1310610705675233,3.456988014095166e-13,6164502340993.242,False
353,0.8000000000000004,0.5000000000000002,2.2165210708947907,3.456988014095166e-13,6411711761387.012,False
354,0.8,0.5,2.3856529018922137,3.456988014095165e-13,6900957978926.162,False
355,0.2000000000000001,0.5,1.7380530847056552,2.699062468294227e-13,6439469649637.574,False
356,0.8000000000000004,0.5000000000000002,1.7254427044498948,3.456988014095166e-13,4991173522774.024,False
357,0.8000000000000004,0.5000000000000002,2.5503329159075614,3.456988014095166e-13,7377326463120.778,False
358,0.8,0.5,2.2165210708947907,3.456988014095165e-13,6411711761387.014,False
359,0.12620298597361898,0.16310149298680945,1.0437231445778434,1.751251820108394e-13,5959869006807.039,False
360,0.6267146428190192,0.4133573214095096,2.9385475875187073,3.024382171021177e-13,9716191345376.541,False
361,0.12587097529794786,0.1629354876489739,2.6446928287668365,1.7501262467426558e-13,15111440295745.252,False
362,0.6481082629775334,0.4240541314887667,2.8997261203575926,3.0765968921377186e-13,9425109047492.957,False
363,0.8000000000000004,0.5000000000000002,1.7275950362299213,3.456988014095166e-13,4997399554716.428,False
364,0.8000000000000004,0.5000000000000002,2.3856529018922137,3.456988014095166e-13,6900957978926.16,False
365,0.8000000000000004,0.5000000000000002,0.8879421127364681,3.456988014095166e-13,2568542642080.518,False
366,0.8000000000000004,0.5000000000000002,3.0494660651218917,3.456988014095166e-13,8821164703748.793,False
367,0.8000000000000004,0.5000000000000002,2.6638263382094043,3.456988014095166e-13,7705627926241.554,False
368,0.8000000000000004,0.5000000000000002,3.2995608458306656,3.456988014095166e-13,9544611761387.014,False
369,0.8,0.5,2.0402663327260493,3.456988014095165e-13,5901861170496.624,False
370,0.8000000000000004,0.5000000000000002,0.7922493558220276,3.456988014095166e-13,2291733013223.6265,False
371,0.5698610367648245,0.6150694816175881,2.1310610705675233,3.6674977645994945e-13,5810667674122.614,False
372,0.8000000000000004,0.5000000000000002,1.6107365784679333,3.456988014095166e-13,4659364081971.017,False
373,0.8,0.5,2.5503329159075614,3.456988014095165e-13,7377326463120.78,False
374,0.08516607527724979,0.14258303763862487,3.4761061694113105,1.5980408725353708e-13,21752298261910.51,False
375,0.5,0.35,3.4761061694113105,2.719610294271e-13,12781633371273.48,False
376,0.8000000000000004,0.5000000000000002,1.360233797488487,3.456988014095166e-13,3934736805399.4116,False
377,0.8000000000000004,0.5000000000000002,1.4944945542708743,3.456988014095166e-13,4323111761387.012,False
378,0.8000000000000004,0.5000000000000002,1.7758842254729361,3.456988014095166e-13,5137085284161.036,False
379,0.8000000000000004,0.5000000000000002,3.362612747109467,3.456988014095166e-13,9727001463120.777,False
380,0.8,0.5,0.7847178202792496,3.456988014095165e-13,2269946604037.163,False
381,0.8,0.5,2.5503329159075614,3.456988014095165e-13,7377326463120.78,False
382,0.8000000000000004,0.5000000000000002,1.7337917940633734,3.456988014095166e-13,5015324863708.493,False
384,0.8000000000000004,0.5000000000000002,2.2417418314063116,3.456988014095166e-13,6484667642080.519,False
385,0.8000000000000004,0.5000000000000002,0.6952212338822621,3.456988014095166e-13,2011060585248.3108,False
387,0.3610886283041206,0.7194556858479401,2.317404112940874,3.7682631128110475e-13,6149793800391.336,False
388,0.8000000000000004,0.5000000000000002,2.342479580746443,3.456988014095166e-13,6776070877872.467,False
390,0.3043517172460211,0.2521758586230105,2.0545951714720885,2.2481902980813391e-13,9138884609659.291,False
391,0.10171113252366656,0.15517658780790178,2.6638263382094043,1.6712478145958876e-13,15939146277079.95,False
392,0.8000000000000004,0.5000000000000002,1.4376224241941618,3.456988014095166e-13,4158598231560.3887,False
393,0.8000000000000004,0.5000000000000002,2.829847479467586,3.456988014095166e-13,8185875877872.466,False
394,0.8000000000000004,0.5000000000000002,1.3319131691047021,3.456988014095166e-13,3852813963120.777,False
395,0.8000000000000004,0.5000000000000002,3.339914062649099,3.456988014095166e-13,9661341170496.623,False
396,0.8000000000000004,0.5000000000000002,1.5221864789768025,3.456988014095166e-13,4403215957852.316,False
397,0.15765992849133645,0.8211700357543318,1.3904424677645242,3.6126929482915246e-13,3848770121529.639,False
398,0.8000000000000004,0.5000000000000002,2.2417418314063116,3.456988014095166e-13,6484667642080.519,False
399,0.8000000000000004,0.5000000000000002,1.0655305352837616,3.456988014095166e-13,3082251170496.621,False
401,0.8000000000000004,0.5000000000000002,3.362612747109467,3.456988014095166e-13,9727001463120.777,False
402,0.8000000000000004,0.5000000000000002,2.6638263382094043,3.456988014095166e-13,7705627926241.554,False
404,0.8000000000000004,0.5000000000000002,1.7928820721317664,3.456988014095166e-13,5186254811476.505,False
405,0.02738040002578259,0.11369020001289128,0.8966967325625246,1.2663514963693714e-13,7080946602371.88,False
406,0.14699313551472712,0.17349656775736355,3.4761061694113105,1.819144486674076e-13,19108466616451.348,False
407,0.8000000000000004,0.5000000000000002,0.9931731912603743,3.456988014095166e-13,2872943693211.8726,False
408,0.8000000000000004,0.5000000000000002,2.087446289155687,3.456988014095166e-13,6038338231560.39,False
409,0.8,0.5,2.8997261203575926,3.456988014095165e-13,8388013231560.392,False
410,0.8000000000000004,0.5000000000000002,1.877810366485668,3.456988014095166e-13,5431926170496.622,False
411,0.8000000000000004,0.5000000000000002,2.2417418314063116,3.456988014095166e-13,6484667642080.519,False
412,0.8000000000000004,0.5000000000000002,1.3319131691047021,3.456988014095166e-13,3852813963120.777,False
413,0.8000000000000004,0.5000000000000002,2.6900901976875735,3.456988014095166e-13,7781601170496.621,False
414,0.8000000000000004,0.5000000000000002,2.1310610705675233,3.456988014095166e-13,6164502340993.242,False
415,0.3241368382445838,0.4922073823574682,2.034379099051413,2.9183033810632e-13,6971102155630.732,False
416,0.8000000000000004,0.5000000000000002,2.9385475875187073,3.456988014095166e-13,8500311761387.013,False
417,0.32537304819187296,0.3620424047913998,2.1310610705675233,2.5505535741122635e-13,8355288405613.094,False
418,0.8000000000000004,0.5000000000000002,1.8555078125828328,3.456988014095166e-13,5367411761387.013,False
419,0.8000000000000004,0.5000000000000002,2.342479580746443,3.456988014095166e-13,6776070877872.467,False
420,0.8000000000000004,0.5000000000000002,1.3319131691047021,3.456988014095166e-13,3852813963120.777,False
421,0.8000000000000004,0.5000000000000002,2.6900901976875735,3.456988014095166e-13,7781601170496.621,False
422,0.4696458120262744,0.6651770939868628,3.4761061694113105,3.732550032952445e-13,9312952642892.537,False
423,0.8000000000000004,0.5000000000000002,0.7179199183426307,3.456988014095166e-13,2076720877872.466,False
424,0.8000000000000004,0.5000000000000002,2.6279758502297903,3.456988014095166e-13,7601923522774.024,False
425,0.8,0.5,1.4573330948043208,3.456988014095165e-13,4215615121783.3027,False
426,0.8000000000000004,0.5000000000000002,0.8468872424304433,3.456988014095166e-13,2449783565859.739,False
427,0.8000000000000004,0.5000000000000002,3.313972708980106,3.456988014095166e-13,9586300836069.016,False
428,0.8000000000000004,0.5000000000000002,1.3319131691047021,3.456988014095166e-13,3852813963120.777,False
429,0.8000000000000004,0.5000000000000002,2.2417418314063116,3.456988014095166e-13,6484667642080.519,False
430,0.5,0.35,3.4761061694113105,2.719610294271e-13,12781633371273.48,False
431,0.8,0.5,3.4004438878767487,3.456988014095165e-13,9836435284161.041,False
432,0.8000000000000004,0.5000000000000002,2.162118244296415,3.456988014095166e-13,6254341164854.542,False
433,0.49087286464540986,0.6545635676772954,3.4761061694113105,3.7208259940284906e-13,9342297046381.83,False
434,0.8000000000000004,0.5000000000000002,2.319780896286074,3.456988014095166e-13,6710410585248.311,False
435,0.8,0.5,2.6996406920432716,3.456988014095165e-13,7809227804771.194,False
436,0.5710020163727836,0.3855010081863918,3.339914062649099,2.889592541203734e-13,11558425677752.379,False
437,0.8000000000000004,0.5000000000000002,2.130006322518878,3.456988014095166e-13,6161451280230.681,False
438,0.12202003360381507,0.8389899831980925,3.4004438878767487,3.5156953745806054e-13,9672180111117.832,False
439,0.5041671059209947,0.647916447039503,3.430708800490573,3.7128635680847297e-13,9240061579370.918,False
440,0.8000000000000004,0.5000000000000002,2.7832617188742486,3.456988014095166e-13,8051117642080.518,False
441,0.8000000000000004,0.5000000000000002,2.1310610705675233,3.456988014095166e-13,6164502340993.242,False
442,0.8000000000000004,0.5000000000000002,2.9385475875187073,3.456988014095166e-13,8500311761387.013,False
444,0.8,0.5,2.087446289155687,3.456988014095165e-13,6038338231560.392,False
445,0.8000000000000004,0.5000000000000002,1.1106404417056652,3.456988014095166e-13,3212740215405.013,False
446,0.04725338111627063,0.8763733094418646,1.6813063735547336,3.0856207528522614e-13,5448843225469.5625,False
447,0.8000000000000004,0.5000000000000002,1.6699570313245495,3.456988014095166e-13,4830670585248.312,False
448,0.40090473342634697,0.3004523667131735,3.3058660359585454,2.4831424964175366e-13,13313235308597.729,False
449,0.8000000000000004,0.5000000000000002,1.8085259214319616,3.456988014095166e-13,5231507642080.519,False
450,0.8000000000000004,0.5000000000000002,2.6900901976875735,3.456988014095166e-13,7781601170496.621,False
451,0.8,0.5,2.319780896286074,3.456988014095165e-13,6710410585248.3125,False
452,0.8000000000000004,0.5000000000000002,2.0864559627618533,3.456988014095166e-13,6035473522774.024,False
453,0.8000000000000004,0.5000000000000002,3.3058660359585454,3.456988014095166e-13,9562850731560.389,False
454,0.8,0.5,2.087446289155687,3.456988014095165e-13,6038338231560.392,False
455,0.526522436204665,0.36326121810233253,1.7928820721317664,2.7829392833578663e-13,6442404557128.868,False
456,0.8,0.5,2.6900901976875735,3.456988014095165e-13,7781601170496.623,False
457,0.041269554106056795,0.4206347770530283,2.317404112940874,1.875006551129248e-13,12359445419244.994,False
458,0.8000000000000004,0.5000000000000002,1.623239227212034,3.456988014095166e-13,4695530388284.848,False
459,0.8000000000000004,0.5000000000000002,2.0402663327260493,3.456988014095166e-13,5901861170496.623,False
460,0.8000000000000004,0.5000000000000002,3.5517684509458722,3.456988014095166e-13,10274170568322.072,False
462,0.8000000000000004,0.5000000000000002,2.679005524352027,3.456988014095166e-13,7749536629658.322,False
463,0.8000000000000004,0.5000000000000002,0.9269616451763495,3.456988014095166e-13,2681414113664.4146,False
464,0.1165669186830478,0.8417165406584766,2.317404112940874,3.497018250658925e-13,6626800167554.795,False
465,0.25089894259045176,0.7745505287047745,2.317404112940874,3.739363219362833e-13,6197322851498.087,False
466,0.2708602324251111,0.4655690794477318,2.6996406920432716,2.749011727894903e-13,9820404418974.822,False
467,0.8000000000000004,0.5000000000000002,2.142427829805584,3.456988014095166e-13,6197382869336.745,False
468,0.8000000000000004,0.5000000000000002,2.5219595603321006,3.456988014095166e-13,7295251097340.584,False
469,0.8000000000000004,0.5000000000000002,2.6446928287668365,3.456988014095166e-13,7650280585248.312,False
471,0.8000000000000004,0.5000000000000002,2.1310610705675233,3.456988014095166e-13,6164502340993.242,False
472,0.8000000000000004,0.5000000000000002,2.828195010711999,3.456988014095166e-13,8181095795474.582,False
474,0.8000000000000004,0.5000000000000002,1.5221864789768025,3.456988014095166e-13,4403215957852.316,False
475,0.8000000000000004,0.5000000000000002,2.9146661896086417,3.456988014095166e-13,8431230243566.604,False
476,0.8000000000000004,0.5000000000000002,2.6638263382094043,3.456988014095166e-13,7705627926241.554,False
477,0.8000000000000004,0.5000000000000002,2.9696047612475986,3.456988014095166e-13,8590150585248.311,False
478,0.8000000000000004,0.5000000000000002,2.1310610705675233,3.456988014095166e-13,6164502340993.242,False
479,0.8000000000000004,0.5000000000000002,2.9385475875187073,3.456988014095166e-13,8500311761387.013,False
480,0.8000000000000004,0.5000000000000002,1.1839228169819576,3.456988014095166e-13,3424723522774.0244,False
481,0.25375754574272025,0.7731212271286398,3.4761061694113105,3.741368362274867e-13,9291002202460.844,False
482,0.8000000000000004,0.5000000000000002,2.2417418314063116,3.456988014095166e-13,6484667642080.519,False
483,0.1777651530351112,0.18888257651755558,3.4761061694113105,1.9122910719930655e-13,18177704327136.637,False
484,0.8000000000000004,0.5000000000000002,1.5701568358054363,3.456988014095166e-13,4541979403467.529,False
485,0.8000000000000004,0.5000000000000002,1.6813063735547336,3.456988014095166e-13,4863500731560.389,False
486,0.8000000000000004,0.5000000000000002,0.7610932394884012,3.456988014095166e-13,2201607978926.158,False
487,0.5134846179650102,0.6432576910174953,2.317404112940874,3.7070173098748957e-13,6251398143644.173,False
488,0.8000000000000004,0.5000000000000002,2.5822650097805204,3.456988014095166e-13,7469696161085.487,False
489,0.8000000000000004,0.5000000000000002,1.1839228169819576,3.456988014095166e-13,3424723522774.0244,False
490,0.8000000000000004,0.5000000000000002,1.921492998348267,3.456988014095166e-13,5558286550354.7295,False
491,0.8,0.5,2.783261718874249,3.456988014095165e-13,8051117642080.521,False
492,0.8000000000000004,0.5000000000000002,1.7254427044498946,3.456988014095166e-13,4991173522774.023,False
493,0.8000000000000004,0.5000000000000002,1.3450450988437868,3.456988014095166e-13,3890800585248.3105,False
494,0.8000000000000004,0.5000000000000002,3.5895995917131533,3.456988014095166e-13,10383604389362.33,False
495,0.8000000000000004,0.5000000000000002,3.3247816063421864,3.456988014095166e-13,9617567642080.52,False
496,0.8000000000000004,0.5000000000000002,1.3319131691047021,3.456988014095166e-13,3852813963120.777,False
497,0.8000000000000004,0.5000000000000002,2.2417418314063116,3.456988014095166e-13,6484667642080.519,False
498,0.8000000000000004,0.5000000000000002,1.595377596316957,3.456988014095166e-13,4614935284161.035,False
499,0.8000000000000004,0.5000000000000002,2.783261718874249,3.456988014095166e-13,8051117642080.519,False
500,0.8,0.5,1.921492998348267,3.456988014095165e-13,5558286550354.731,False
501,0.8000000000000004,0.5000000000000002,1.3242309216804993,3.456988014095166e-13,3830591590949.1636,False
502,0.8000000000000004,0.5000000000000002,2.6900901976875735,3.456988014095166e-13,7781601170496.621,False
503,0.8000000000000004,0.5000000000000002,1.5221864789768025,3.456988014095166e-13,4403215957852.316,False
504,0.8000000000000004,0.5000000000000002,1.921492998348267,3.456988014095166e-13,5558286550354.7295,False
505,0.021550002076546282,0.8892249989617269,3.4761061694113105,2.718138228651706e-13,12788555536910.953,False
506,0.8,0.5,1.1435696001635245,3.456988014095165e-13,3307994113664.416,False
507,0.23993336329746218,0.2199666816487311,3.4761061694113105,2.0837514838084865e-13,16681961339545.193,False
508,0.8000000000000004,0.5000000000000002,1.2684887324806684,3.456988014095166e-13,3669346631543.596,False
509,0.8000000000000004,0.5000000000000002,1.4944945542708743,3.456988014095166e-13,4323111761387.012,False
510,0.8000000000000004,0.5000000000000002,2.1310610705675233,3.456988014095166e-13,6164502340993.242,False
511,0.11936614427201021,0.8403169278639953,1.5221864789768025,3.506756656000236e-13,4340724573438.1523,False
512,0.8000000000000004,0.5000000000000002,2.294761699480065,3.456988014095166e-13,6638037766181.544,False
513,0.422842038196852,0.311421019098426,3.313972708980106,2.5356331712797054e-13,13069606228994.004,False
514,0.8000000000000004,0.5000000000000002,1.9766424910375453,3.456988014095166e-13,5717817021575.393,False
515,0.8000000000000004,0.5000000000000002,2.087446289155687,3.456988014095166e-13,6038338231560.39,False
516,0.793112275554314,0.496556137777157,3.3247816063421864,3.4393150979682126e-13,9666987500814.662,False
517,0.8000000000000004,0.5000000000000002,2.1116767232733737,3.456988014095166e-13,6108429403467.53,False
518,0.3397220735296482,0.5,0.8690265423528276,2.966820415218903e-13,2929151147453.9575,False
519,0.8000000000000004,0.5000000000000002,1.2227682716761699,3.456988014095166e-13,3537091441134.828,False
520,0.06468584639418423,0.1323429231970921,1.7002219439383743,1.5053455734953677e-13,11294562350826.26,False
522,0.8000000000000004,0.5000000000000002,1.2119977834348261,3.456988014095166e-13,3505935740862.136,False
523,0.8000000000000004,0.5000000000000002,2.8589240004088112,3.456988014095166e-13,8269985284161.037,False
524,0.3560913644130246,0.7219543177934877,3.4761061694113105,3.7686798499856563e-13,9223670642717.344,False
525,0.8,0.5,2.4505062860646953,3.456988014095165e-13,7088558814995.177,False
526,0.8000000000000004,0.5000000000000002,1.2535653356279548,3.456988014095166e-13,3626177847643.0835,False
529,0.8000000000000004,0.5000000000000002,2.2669625919178324,3.456988014095166e-13,6557623522774.025,False
530,0.8,0.5,1.921492998348267,3.456988014095165e-13,5558286550354.731,False
531,0.8,0.5,3.3247816063421864,3.456988014095165e-13,9617567642080.521,False
532,0.8,0.5,1.7002219439383743,3.456988014095165e-13,4918217642080.5205,False
533,0.4473655254264966,0.3236827627132483,2.806577215987838,2.594154266785244e-13,10818852417230.512,False
534,0.8,0.5,2.0402663327260493,3.456988014095165e-13,5901861170496.624,False
535,0.8000000000000004,0.5000000000000002,1.644845607246527,3.456988014095166e-13,4758030981131.561,False
536,0.2720260178252879,0.7639869910873561,3.4761061694113105,3.752276955268801e-13,9263991466648.797,False
537,0.5698610367648245,0.6150694816175881,1.7380530847056552,3.6674977645994945e-13,4739070604165.61,False
539,0.8000000000000004,0.5000000000000002,2.2525507287683917,3.456988014095166e-13,6515934448092.0205,False
540,0.769017604344285,0.48450880217214254,3.313972708980106,3.377836273291349e-13,9810933511442.771,False
541,0.8,0.5,3.4004438878767487,3.456988014095165e-13,9836435284161.041,False
542,0.8,0.5,1.7002219439383743,3.456988014095165e-13,4918217642080.5205,False
543,0.8000000000000004,0.5000000000000002,1.365613137983015,3.456988014095166e-13,3950297578166.325,False
544,0.08813732212987697,0.3742076243001148,3.4004438878767487,2.0458027565181171e-13,16621562743732.842,False
545,0.8000000000000004,0.5000000000000002,2.087446289155687,3.456988014095166e-13,6038338231560.39,False
546,0.8000000000000004,0.5000000000000002,1.009032000144286,3.456988014095166e-13,2918818335586.2476,False
547,0.8000000000000004,0.5000000000000002,1.6813063735547336,3.456988014095166e-13,4863500731560.389,False
548,0.23607448361687497,0.2180372418084375,3.4761061694113105,2.0735634699453532e-13,16763924614774.006,False
549,0.8,0.5,2.5503329159075614,3.456988014095165e-13,7377326463120.78,False
550,0.8000000000000004,0.5000000000000002,1.7506634649614154,3.456988014095166e-13,5064129403467.53,False
551,0.8000000000000004,0.5000000000000002,2.4935862047566397,3.456988014095166e-13,7213175731560.39,False
552,0.2880329055856458,0.2440164527928229,2.0402663327260493,2.2073687981215895e-13,9242978946074.893,False
553,0.486156427312441,0.34307821365622054,3.4004438878767487,2.6866021996019837e-13,12657042744848.938,False
554,0.8000000000000004,0.5000000000000002,1.923207735406405,3.456988014095166e-13,5563246755744.933,False
559,0.5000000000000001,0.65,2.5503329159075614,3.715408366729612e-13,6864206203401.602,False
560,0.48235452242771126,0.6588227387861444,3.4761061694113105,3.7256820567544387e-13,9330120274512.791,False
561,0.6925022030843413,0.5537488984578297,2.728858892275873,3.562757464506959e-13,7659401234749.816,False
562,0.8000000000000004,0.5000000000000002,1.924779559175518,3.456988014095166e-13,5567793557072.285,False
563,0.38907071091222767,0.2945353554561138,3.3058660359585454,2.4547428207342287e-13,13467260227976.715,False
564,0.03697500017359213,0.11848750008679604,2.3856529018922137,1.3428063575032719e-13,17766172229985.15,False
566,0.8000000000000004,0.5000000000000002,1.8549966763795636,3.456988014095166e-13,5365933202013.404,False
567,0.8000000000000004,0.5000000000000002,2.319780896286074,3.456988014095166e-13,6710410585248.311,False
568,0.8000000000000004,0.5000000000000002,1.3319131691047021,3.456988014095166e-13,3852813963120.777,False
569,0.8000000000000004,0.5000000000000002,2.7599938361120713,3.456988014095166e-13,7983810834341.216,False
570,0.8000000000000004,0.5000000000000002,2.1310610705675233,3.456988014095166e-13,6164502340993.242,False
571,0.8000000000000004,0.5000000000000002,2.8997261203575926,3.456988014095166e-13,8388013231560.389,False
572,0.8000000000000004,0.5000000000000002,1.3319131691047021,3.456988014095166e-13,3852813963120.777,False
573,0.8000000000000004,0.5000000000000002,2.2417418314063116,3.456988014095166e-13,6484667642080.519,False
574,0.47808230318863965,0.3390411515943198,3.313972708980106,2.6673589161197867e-13,12424172423713.229,False
575,0.08765955882331052,0.4438297794116552,3.4761061694113105,2.197294701775949e-13,15819936063204.314,False
576,0.8000000000000004,0.5000000000000002,1.9913596656293155,3.456988014095166e-13,5760389268085.256,False
577,0.8000000000000004,0.5000000000000002,2.5503329159075614,3.456988014095166e-13,7377326463120.778,False
578,0.8000000000000004,0.5000000000000002,1.8061491380867607,3.456988014095166e-13,5224632340993.242,False
579,0.8000000000000004,0.5000000000000002,3.362612747109467,3.456988014095166e-13,9727001463120.777,False
580,0.8000000000000004,0.5000000000000002,2.0511997666932307,3.456988014095166e-13,5933488222492.761,False
581,0.8000000000000004,0.5000000000000002,2.087446289155687,3.456988014095166e-13,6038338231560.39,False
582,0.4181693188521415,0.3090846594260708,3.313972708980106,2.5244663844961584e-13,13127418647095.67,False
583,0.8,0.5,1.921492998348267,3.456988014095165e-13,5558286550354.731,False
584,0.5997859380354424,0.3998929690177212,3.3058660359585454,2.9590349774023125e-13,11172108681394.195,False
585,0.8000000000000004,0.5000000000000002,2.0204707769964187,3.456988014095166e-13,5844598733806.307,False
586,0.8000000000000004,0.5000000000000002,3.3058660359585454,3.456988014095166e-13,9562850731560.389,False
587,0.7879645113473354,0.4939822556736677,3.4004438878767487,3.4261356122439306e-13,9925012529348.32,False
588,0.5698610367648241,0.38493051838241205,2.5503329159075614,2.886847567748864e-13,8834317905798.838,False
589,0.8000000000000004,0.5000000000000002,1.8295295628480581,3.456988014095166e-13,5292264698021.871,False
590,0.8000000000000004,0.5000000000000002,1.921492998348267,3.456988014095166e-13,5558286550354.7295,False
591,0.8000000000000004,0.5000000000000002,0.5919614084909788,3.456988014095166e-13,1712361761387.0122,False
592,0.36343337702299816,0.6722326250444629,2.317404112940874,3.591815327223304e-13,6451902177087.625,False
593,0.5698610367648241,0.6150694816175882,3.4761061694113105,3.6674977645994934e-13,9478141208331.225,False
594,0.8000000000000004,0.5000000000000002,2.664190457671378,3.456988014095166e-13,7706681211530.624,False
596,0.05693750739009478,0.8715312463049526,3.5517684509458722,3.1740241000685206e-13,11190111791744.734,False
597,0.8000000000000004,0.5000000000000002,2.1310610705675233,3.456988014095166e-13,6164502340993.242,False
598,0.8000000000000004,0.5000000000000002,1.6964905628773703,3.456988014095166e-13,4907423907633.683,False
599,0.4440722157138194,0.32203610785690967,2.235943798241897,2.5863016544739283e-13,8645332590550.824,False
600,0.8000000000000004,0.5000000000000002,1.5345145875425474,3.456988014095166e-13,4438877373267.932,False
601,0.8000000000000004,0.5000000000000002,3.0161905218409366,3.456988014095166e-13,8724908821040.26,False
602,0.8000000000000004,0.5000000000000002,1.3319131691047021,3.456988014095166e-13,3852813963120.777,False
603,0.5698610367648241,0.6150694816175882,3.4761061694113105,3.6674977645994934e-13,9478141208331.225,False
604,0.8000000000000004,0.5000000000000002,2.2165210708947907,3.456988014095166e-13,6411711761387.012,False
605,0.8000000000000004,0.5000000000000002,1.7758842254729361,3.456988014095166e-13,5137085284161.036,False
606,0.6000545785445688,0.599972710727716,1.3319131691047021,3.6437962696652845e-13,3655289896948.74,False
608,0.5005535854165747,0.6497232072917131,2.317404112940874,3.7150728356200485e-13,6237843012717.4,False
609,0.8000000000000004,0.5000000000000002,2.244054159661813,3.456988014095166e-13,6491356494474.78,False
611,0.8000000000000004,0.5000000000000002,2.6638263382094043,3.456988014095166e-13,7705627926241.554,False
612,0.8000000000000004,0.5000000000000002,2.157324930045693,3.456988014095166e-13,6240475585248.312,False
613,0.44042118299877586,0.3202105914993879,2.9385475875187073,2.5775942635886653e-13,11400349655602.908,False
615,0.6174707841091425,0.4087353920545712,2.2621428913807025,3.0019052338315413e-13,7535690553740.004,False
616,0.8000000000000004,0.5000000000000002,1.3435001659333063,3.456988014095166e-13,3886331570880.3657,False
617,0.0997105363846354,0.8501447318076827,1.7380530847056552,3.4307910709895133e-13,5066041763377.808,False
618,0.8000000000000004,0.5000000000000002,1.2467931023783199,3.456988014095166e-13,3606587865780.195,False
619,0.8000000000000004,0.5000000000000002,1.5221864789768025,3.456988014095166e-13,4403215957852.316,False
620,0.8000000000000004,0.5000000000000002,2.8498128054361596,3.456988014095166e-13,8243629407497.587,False
621,0.8000000000000004,0.5000000000000002,1.7758842254729361,3.456988014095166e-13,5137085284161.036,False
622,0.8000000000000004,0.5000000000000002,2.087446289155687,3.456988014095166e-13,6038338231560.39,False
624,0.8000000000000004,0.5000000000000002,1.5221864789768025,3.456988014095166e-13,4403215957852.316,False
625,0.8000000000000004,0.5000000000000002,2.9146661896086417,3.456988014095166e-13,8431230243566.604,False
626,0.8000000000000004,0.5000000000000002,2.3930663944754356,3.456988014095166e-13,6922402926241.554,False
627,0.8000000000000004,0.5000000000000002,2.087446289155687,3.456988014095166e-13,6038338231560.39,False
628,0.8000000000000004,0.5000000000000002,1.3319131691047021,3.456988014095166e-13,3852813963120.777,False
629,0.8000000000000004,0.5000000000000002,2.783261718874249,3.456988014095166e-13,8051117642080.519,False
630,0.8000000000000004,0.5000000000000002,1.7758842254729361,3.456988014095166e-13,5137085284161.036,False
631,0.8000000000000004,0.5000000000000002,2.087446289155687,3.456988014095166e-13,6038338231560.39,False
632,0.8000000000000004,0.5000000000000002,1.1839228169819576,3.456988014095166e-13,3424723522774.0244,False
633,0.8000000000000004,0.5000000000000002,2.2417418314063116,3.456988014095166e-13,6484667642080.519,False
634,0.286828503638903,0.24341425181945145,2.3856529018922137,2.204337147485368e-13,10822540937595.16,False
635,0.7548280679803978,0.47741403399019894,3.3247816063421864,3.3418745673842093e-13,9948852176533.357,False
636,0.8000000000000004,0.5000000000000002,1.7588502868328009,3.456988014095166e-13,5087811353876.398,False
637,0.8000000000000004,0.5000000000000002,3.3058660359585454,3.456988014095166e-13,9562850731560.389,False
638,0.8,0.5,2.465212849181179,3.456988014095165e-13,7131100365780.197,False
639,0.8000000000000004,0.5000000000000002,1.7355420630242413,3.456988014095166e-13,5020387851933.305,False
640,0.8000000000000004,0.5000000000000002,2.8498128054361596,3.456988014095166e-13,8243629407497.587,False
641,0.8000000000000004,0.5000000000000002,2.1310610705675233,3.456988014095166e-13,6164502340993.242,False
642,0.8000000000000004,0.5000000000000002,2.9385475875187073,3.456988014095166e-13,8500311761387.013,False
643,0.8000000000000004,0.5000000000000002,2.1310610705675233,3.456988014095166e-13,6164502340993.242,False
644,0.12719476651466655,0.8364026167426671,3.4761061694113105,3.5323434944110736e-13,9840793158737.98,False
645,0.8000000000000004,0.5000000000000002,3.1320607274879797,3.456988014095166e-13,9060085585248.31,False
646,0.8000000000000004,0.5000000000000002,2.1310610705675233,3.456988014095166e-13,6164502340993.242,False
647,0.8000000000000004,0.5000000000000002,3.2945166937283616,3.456988014095166e-13,9530020585248.312,False
649,0.5698610367648241,0.38493051838241205,2.6900901976875735,2.886847567748864e-13,9318435194641.33,False
650,0.7196222917041897,0.45981114585209476,1.9405693141684766,3.2533906797181073e-13,5964759554596.803,False
651,0.38709805338904185,0.29354902669452093,2.8997261203575926,2.45000175840777e-13,11835608323163.383,False
652,0.6037145067572188,0.4018572533786094,2.9385475875187073,2.9685439811234603e-13,9898952504003.66,False
653,0.8000000000000004,0.5000000000000002,2.1692730543691376,3.456988014095166e-13,6275037823458.94,False
655,0.8000000000000004,0.5000000000000002,2.6900901976875735,3.456988014095166e-13,7781601170496.621,False
656,0.8000000000000004,0.5000000000000002,2.1310610705675233,3.456988014095166e-13,6164502340993.242,False
657,0.8000000000000004,0.5000000000000002,2.087446289155687,3.456988014095166e-13,6038338231560.39,False
658,0.8000000000000004,0.5000000000000002,0.5608055448861904,3.456988014095166e-13,1622237458156.1167,False
659,0.8000000000000004,0.5000000000000002,1.921492998348267,3.456988014095166e-13,5558286550354.7295,False
660,0.8000000000000004,0.5000000000000002,1.5221864789768025,3.456988014095166e-13,4403215957852.316,False
661,0.8000000000000004,0.5000000000000002,1.921492998348267,3.456988014095166e-13,5558286550354.7295,False
662,0.8,0.5,1.7002219439383743,3.456988014095165e-13,4918217642080.5205,False
663,0.8000000000000004,0.5000000000000002,1.4446900017931092,3.456988014095166e-13,4179042553525.437,False
664,0.8000000000000004,0.5000000000000002,3.362612747109467,3.456988014095166e-13,9727001463120.777,False
665,0.8000000000000004,0.5000000000000002,1.978598581352964,3.456988014095166e-13,5723475387492.321,False
666,0.8000000000000004,0.5000000000000002,1.921492998348267,3.456988014095166e-13,5558286550354.7295,False
667,0.8000000000000004,0.5000000000000002,1.595377596316957,3.456988014095166e-13,4614935284161.035,False
668,0.8000000000000004,0.5000000000000002,2.2417418314063116,3.456988014095166e-13,6484667642080.519,False
669,0.8000000000000004,0.5000000000000002,2.3930663944754356,3.456988014095166e-13,6922402926241.554,False
670,0.8000000000000004,0.5000000000000002,1.6813063735547336,3.456988014095166e-13,4863500731560.389,False
671,0.8,0.5,2.5503329159075614,3.456988014095165e-13,7377326463120.78,False
672,0.692305449278179,0.4461527246390895,2.5503329159075614,3.185419725130156e-13,8006269615861.549,False
673,0.8,0.5,1.7002219439383743,3.456988014095165e-13,4918217642080.5205,False
674,0.8000000000000004,0.5000000000000002,1.4943691353450834,3.456988014095166e-13,4322748963120.7773,False
675,0.8000000000000004,0.5000000000000002,2.6446928287668365,3.456988014095166e-13,7650280585248.312,False
677,0.28774008536404694,0.7247591023606289,2.1310610705675233,3.638574501468483e-13,5856857045822.351,False
678,0.8000000000000004,0.5000000000000002,2.1310610705675233,3.456988014095166e-13,6164502340993.242,False
679,0.32810023839659325,0.7359498808017038,1.3904424677645242,3.7684521299828405e-13,3689691204252.754,False
680,0.8000000000000004,0.5000000000000002,2.360926374219574,3.456988014095166e-13,6829431761387.013,False
681,0.09798727523681876,0.14899363761840936,2.5503329159075614,1.6495150085278078e-13,15461107675423.54,False
682,0.8000000000000004,0.5000000000000002,1.0977177377088347,3.456988014095166e-13,3175358818813.122,False
684,0.8000000000000004,0.5000000000000002,2.783261718874249,3.456988014095166e-13,8051117642080.519,False
686,0.8000000000000004,0.5000000000000002,1.9863463825207488,3.456988014095166e-13,5745887386423.745,False
688,0.8000000000000004,0.5000000000000002,3.013219542659436,3.456988014095166e-13,8716314694681.166,False
690,0.8000000000000004,0.5000000000000002,1.3319131691047021,3.456988014095166e-13,3852813963120.777,False
692,0.8000000000000004,0.5000000000000002,1.6107365784679333,3.456988014095166e-13,4659364081971.017,False
693,0.5,0.35,3.4761061694113105,2.719610294271e-13,12781633371273.48,False
694,0.8,0.5,2.5503329159075614,3.456988014095165e-13,7377326463120.78,False
695,0.8,0.5,1.7002219439383743,3.456988014095165e-13,4918217642080.5205,False
696,0.8000000000000004,0.5000000000000002,1.0665216243206737,3.456988014095166e-13,3085118085374.171,False
697,0.8000000000000004,0.5000000000000002,2.8997261203575926,3.456988014095166e-13,8388013231560.389,False
699,0.8000000000000004,0.5000000000000002,1.3319131691047021,3.456988014095166e-13,3852813963120.777,False
700,0.8000000000000004,0.5000000000000002,3.4004438878767487,3.456988014095166e-13,9836435284161.037,False
701,0.8000000000000004,0.5000000000000002,1.5221864789768025,3.456988014095166e-13,4403215957852.316,False
702,0.8000000000000004,0.5000000000000002,2.8498128054361596,3.456988014095166e-13,8243629407497.587,False
703,0.5,0.65,3.5517684509458722,3.7154083667296113e-13,9559564118848.72,False
704,0.8,0.5,2.678417371252832,3.456988014095165e-13,7747835284161.039,False
705,0.8000000000000004,0.5000000000000002,2.024429195164637,3.456988014095166e-13,5856049216573.613,False
706,0.8000000000000004,0.5000000000000002,2.8498128054361596,3.456988014095166e-13,8243629407497.587,False
707,0.8000000000000004,0.5000000000000002,1.7758842254729361,3.456988014095166e-13,5137085284161.036,False
708,0.5698610367648241,0.6150694816175882,3.4761061694113105,3.6674977645994934e-13,9478141208331.225,False
709,0.5698610367648241,0.6150694816175882,3.4761061694113105,3.6674977645994934e-13,9478141208331.225,False
710,0.14910604582016476,0.8254469770899177,2.6446928287668365,3.592838983653611e-13,7361011280492.758,False
711,0.27052748093768153,0.5613237780473179,2.9696047612475986,3.036200520433971e-13,9780660866309.14,False
712,0.5248596853443495,0.5925688059073506,2.6996406920432716,3.5304412867595665e-13,7646751419342.114,False
713,0.5431345550134897,0.39829375925807925,2.319780896286074,2.902252525050902e-13,7993036016896.524,False
714,0.8000000000000004,0.5000000000000002,2.7980988534010787,3.456988014095166e-13,8094036895680.283,False
715,0.8000000000000004,0.5000000000000002,2.5647336641247787,3.456988014095166e-13,7418983385732.314,False
716,0.8000000000000004,0.5000000000000002,2.9696047612475986,3.456988014095166e-13,8590150585248.311,False
717,0.8000000000000004,0.5000000000000002,1.3319131691047021,3.456988014095166e-13,3852813963120.777,False
718,0.8000000000000004,0.5000000000000002,2.783261718874249,3.456988014095166e-13,8051117642080.519,False
719,0.8000000000000004,0.5000000000000002,2.1310610705675233,3.456988014095166e-13,6164502340993.242,False
720,0.8000000000000004,0.5000000000000002,2.8997261203575926,3.456988014095166e-13,8388013231560.389,False
722,0.5913606395478894,0.39568031977394474,2.538029329465521,2.938668052521232e-13,8636665605317.407,False
723,0.7353010906608957,0.46765054533044786,3.1160171516838022,3.292669537650335e-13,9463497979537.318,False
724,0.8,0.5,2.6900901976875735,3.456988014095165e-13,7781601170496.623,False
725,0.8000000000000004,0.5000000000000002,2.2567773163824505,3.456988014095166e-13,6528160662347.974,False
726,0.4693540502311189,0.5648159883507358,3.2840403778235756,3.3622324128552973e-13,9767440124802.916,False
727,0.5389730403321097,0.5275122872875861,3.5895995917131533,3.3151447173373167e-13,10827882031636.541,False
728,0.6703680232985292,0.5648159883507358,3.102796078158069,3.5831602484340746e-13,8659384071683.827,False
729,0.35343354815024025,0.7232832259248799,2.6446928287668365,3.7688477636358764e-13,7017245043125.47,False
730,0.8000000000000004,0.5000000000000002,2.948635891723316,3.456988014095166e-13,8529494113664.416,False
731,0.8,0.5,3.313972708980106,3.456988014095165e-13,9586300836069.02,False
733,0.8,0.5,1.9863463825207488,3.456988014095165e-13,5745887386423.747,False
734,0.8,0.5,2.3856529018922137,3.456988014095165e-13,6900957978926.162,False
735,0.5549142294057838,0.37745711470289195,2.8498128054361596,2.8509368288474416e-13,9996057354200.525,False
736,0.8,0.5,1.7002219439383743,3.456988014095165e-13,4918217642080.5205,False
737,0.8000000000000004,0.5000000000000002,1.7893528713591769,3.456988014095166e-13,5176045922240.558,False
738,0.8000000000000004,0.5000000000000002,2.8498128054361596,3.456988014095166e-13,8243629407497.587,False
740,0.8,0.5,3.3788260931525875,3.456988014095165e-13,9773901672138.033,False
741,0.8000000000000004,0.5000000000000002,2.1116767232733737,3.456988014095166e-13,6108429403467.53,False
742,0.8000000000000004,0.5000000000000002,1.6813063735547336,3.456988014095166e-13,4863500731560.389,False
744,0.8,0.5,1.7380530847056552,3.456988014095165e-13,5027651463120.778,False
745,0.2,0.5,3.4761061694113105,2.699062468294227e-13,12878939299275.148,False
746,0.8,0.5,1.9863463825207488,3.456988014095165e-13,5745887386423.747,False
747,0.8,0.5,2.969604761247599,3.456988014095165e-13,8590150585248.314,False
748,0.6538249331682899,0.42691246658414495,3.4004438878767487,3.0905978939370337e-13,11002543859062.203,False
749,0.2821187800828764,0.2410593900414382,3.4761061694113105,2.1924552194156806e-13,15854855956135.516,False
750,0.8,0.5,3.4004438878767487,3.456988014095165e-13,9836435284161.041,False
751,0.5,0.35,0.6952212338822621,2.719610294271e-13,2556326674254.6963,False
752,0.021559032812970523,0.8892204835935147,0.3310577304201248,2.718328783578475e-13,1217872291313.9016,False
753,0.8000000000000004,0.5000000000000002,1.7679174503663553,3.456988014095166e-13,5114039861168.251,False
755,0.8000000000000004,0.5000000000000002,0.5065717715941316,3.456988014095166e-13,1465355880693.5059,False
756,0.8000000000000004,0.5000000000000002,1.7758842254729361,3.456988014095166e-13,5137085284161.036,False
759,0.8000000000000004,0.5000000000000002,1.8002349994641609,3.456988014095166e-13,5207524562202.901,False
761,0.8000000000000004,0.5000000000000002,1.595377596316957,3.456988014095166e-13,4614935284161.035,False
762,0.8000000000000004,0.5000000000000002,2.8589240004088112,3.456988014095166e-13,8269985284161.037,False
764,0.8,0.5,1.5449360752939159,3.456988014095165e-13,4469023522774.025,False
765,0.8,0.5,1.7002219439383743,3.456988014095165e-13,4918217642080.5205,False
766,0.8000000000000004,0.5000000000000002,1.3900103253381237,3.456988014095166e-13,4020871115753.48,False
767,0.8000000000000004,0.5000000000000002,1.921492998348267,3.456988014095166e-13,5558286550354.7295,False
768,0.8,0.5,1.4573330948043208,3.456988014095165e-13,4215615121783.3027,False
769,0.8,0.5,2.9950151761166923,3.456988014095165e-13,8663655077498.468,False
771,0.8,0.5,2.914666189608641,3.456988014095165e-13,8431230243566.6045,False
772,0.8000000000000004,0.5000000000000002,1.9840406121641154,3.456988014095166e-13,5739217504008.093,False
773,0.8000000000000004,0.5000000000000002,2.3856529018922137,3.456988014095166e-13,6900957978926.16,False
774,0.8000000000000004,0.5000000000000002,2.1310610705675233,3.456988014095166e-13,6164502340993.242,False
775,0.13022060333808289,0.8348896983309586,2.2039106906390304,3.5416240174142e-13,6222881592744.967,False
776,0.8000000000000004,0.5000000000000002,2.4935862047566397,3.456988014095166e-13,7213175731560.39,False
777,0.6279435940572744,0.4139717970286372,2.783261718874249,3.0273741474728004e-13,9193649622718.975,False
778,0.7473397822639275,0.4736698911319637,3.3247816063421864,3.3229669670949826e-13,10005460900650.451,False
779,0.8000000000000004,0.5000000000000002,1.844469991359877,3.456988014095166e-13,5335482749258.677,False
780,0.8000000000000004,0.5000000000000002,3.339914062649099,3.456988014095166e-13,9661341170496.623,False
781,0.8000000000000004,0.5000000000000002,1.3319131691047021,3.456988014095166e-13,3852813963120.777,False
783,0.8000000000000004,0.5000000000000002,2.9564728315085143,3.456988014095166e-13,8552163963120.777,False
784,0.7442757270955518,0.527862136452224,3.5895995917131533,3.5130497008995845e-13,10217901530951.773,False
785,0.8000000000000004,0.5000000000000002,1.7758842254729361,3.456988014095166e-13,5137085284161.036,False
786,0.8000000000000004,0.5000000000000002,2.2027222989664303,3.456988014095166e-13,6371796170496.622,False
787,0.8,0.5,1.4573330948043208,3.456988014095165e-13,4215615121783.3027,False
788,0.8,0.5,1.921492998348267,3.456988014095165e-13,5558286550354.731,False
789,0.8,0.5,1.921492998348267,3.456988014095165e-13,5558286550354.731,False
790,0.8,0.5,2.4935862047566397,3.456988014095165e-13,7213175731560.392,False
791,0.023765619842061603,0.11188280992103079,1.2751664579537807,1.2324238416436371e-13,10346817506006.207,False
792,0.8,0.5,2.2417418314063116,3.456988014095165e-13,6484667642080.5205,False
793,0.3951913649646525,0.29759568248232626,2.6900901976875735,2.46943997450969e-13,10893523331020.4,False
794,0.8000000000000004,0.5000000000000002,1.5348477710893071,3.456988014095166e-13,4439841170496.621,False
795,0.15581704627939066,0.822091476860305,2.1310610705675233,3.6085739049545505e-13,5905549191168.259,False
796,0.8000000000000004,0.5000000000000002,2.0612352022503324,3.456988014095166e-13,5962517642080.519,False
797,0.8000000000000004,0.5000000000000002,2.1310610705675233,3.456988014095166e-13,6164502340993.242,False
798,0.8000000000000004,0.5000000000000002,2.806577215987838,3.456988014095166e-13,8118562183451.576,False
799,0.8000000000000004,0.5000000000000002,1.3319131691047021,3.456988014095166e-13,3852813963120.777,False
800,0.8000000000000004,0.5000000000000002,2.8997261203575926,3.456988014095166e-13,8388013231560.389,False
801,0.5921431563548366,0.39607157817741834,3.3058660359585454,2.9405581949432267e-13,11242307809597.258,False
802,0.8000000000000004,0.5000000000000002,2.225420983426799,3.456988014095166e-13,6437456463120.777,False
803,0.8000000000000004,0.5000000000000002,2.2417418314063116,3.456988014095166e-13,6484667642080.519,False
804,0.8000000000000004,0.5000000000000002,2.1310610705675233,3.456988014095166e-13,6164502340993.242,False
805,0.8000000000000004,0.5000000000000002,1.921492998348267,3.456988014095166e-13,5558286550354.7295,False
806,0.8000000000000004,0.5000000000000002,1.5221864789768025,3.456988014095166e-13,4403215957852.316,False
808,0.8000000000000004,0.5000000000000002,2.266962591917832,3.456988014095166e-13,6557623522774.023,False
809,0.8,0.5,2.2417418314063116,3.456988014095165e-13,6484667642080.5205,False
810,0.8,0.5,2.4935862047566397,3.456988014095165e-13,7213175731560.392,False
811,0.8000000000000004,0.5000000000000002,1.8378797145485213,3.456988014095166e-13,5316419111246.381,False
812,0.8000000000000004,0.5000000000000002,2.8997261203575926,3.456988014095166e-13,8388013231560.389,False
813,0.8000000000000004,0.5000000000000002,1.7758842254729361,3.456988014095166e-13,5137085284161.036,False
814,0.8000000000000004,0.5000000000000002,2.6900901976875735,3.456988014095166e-13,7781601170496.621,False
815,0.8000000000000004,0.5000000000000002,1.595377596316957,3.456988014095166e-13,4614935284161.035,False
816,0.8000000000000004,0.5000000000000002,2.8498128054361596,3.456988014095166e-13,8243629407497.587,False
818,0.8000000000000004,0.5000000000000002,1.1839228169819576,3.456988014095166e-13,3424723522774.0244,False
819,0.8000000000000004,0.5000000000000002,2.4505062860646953,3.456988014095166e-13,7088558814995.175,False
820,0.8000000000000004,0.5000000000000002,2.1310610705675233,3.456988014095166e-13,6164502340993.242,False
821,0.8000000000000004,0.5000000000000002,2.8997261203575926,3.456988014095166e-13,8388013231560.389,False
823,0.8000000000000004,0.5000000000000002,1.7758842254729361,3.456988014095166e-13,5137085284161.036,False
824,0.8000000000000004,0.5000000000000002,1.7153544002452867,3.456988014095166e-13,4961991170496.622,False
825,0.8000000000000004,0.5000000000000002,1.7758842254729361,3.456988014095166e-13,5137085284161.036,False
826,0.8000000000000004,0.5000000000000002,2.2417418314063116,3.456988014095166e-13,6484667642080.519,False
827,0.8000000000000004,0.5000000000000002,1.7758842254729361,3.456988014095166e-13,5137085284161.036,False
828,0.3000139257210009,0.7499930371394999,3.4761061694113105,3.7632865170428216e-13,9236889494512.428,False
830,0.8000000000000004,0.5000000000000002,2.076212966196249,3.456988014095166e-13,6005843693211.873,False
832,0.7334635899433244,0.5332682050283378,3.5895995917131533,3.5236391822329503e-13,10187193994813.066,False
833,0.8000000000000004,0.5000000000000002,1.7758842254729361,3.456988014095166e-13,5137085284161.036,False
834,0.8000000000000004,0.5000000000000002,2.6845609641132224,3.456988014095166e-13,7765606803285.029,False
835,0.35641660848033563,0.2782083042401678,3.4004438878767487,2.375937038809717e-13,14312011776121.318,False
836,0.8000000000000004,0.5000000000000002,1.0490885021331717,3.456988014095166e-13,3034689440217.11,False
837,0.8000000000000004,0.5000000000000002,2.2417418314063116,3.456988014095166e-13,6484667642080.519,False
838,0.8,0.5,1.4573330948043208,3.456988014095165e-13,4215615121783.3027,False
839,0.8000000000000004,0.5000000000000002,1.4131411522248927,3.456988014095166e-13,4087781463120.777,False
842,0.8000000000000004,0.5000000000000002,1.607050422751699,3.456988014095166e-13,4648701170496.622,False
844,0.8,0.5,1.7380530847056552,3.456988014095165e-13,5027651463120.778,False
845,0.6144012628621788,0.4072006314310894,1.4944945542708743,2.994452210795036e-13,4990877960527.149,False
846,0.48090549950091505,0.34045274975045753,3.4761061694113105,2.674087045619084e-13,12999225941826.246,False
847,0.8000000000000004,0.5000000000000002,1.7632738452171757,3.456988014095166e-13,5100607343814.282,False
848,0.8000000000000004,0.5000000000000002,2.2417418314063116,3.456988014095166e-13,6484667642080.519,False
849,0.8000000000000004,0.5000000000000002,2.6638263382094043,3.456988014095166e-13,7705627926241.554,False
850,0.8000000000000004,0.5000000000000002,2.8498128054361596,3.456988014095166e-13,8243629407497.587,False
851,0.8000000000000004,0.5000000000000002,1.1839228169819576,3.456988014095166e-13,3424723522774.0244,False
852,0.8000000000000004,0.5000000000000002,3.339914062649099,3.456988014095166e-13,9661341170496.623,False
853,0.8,0.5,3.339914062649099,3.456988014095165e-13,9661341170496.627,False
854,0.4672078811923789,0.6663960594038105,1.7758842254729361,3.733813970723614e-13,4756220420721.093,False
855,0.8,0.5,1.339208685626416,3.456988014095165e-13,3873917642080.5195,False
856,0.8000000000000004,0.5000000000000002,1.3602154575957301,3.456988014095166e-13,3934683753746.6953,False
857,0.8000000000000004,0.5000000000000002,2.2417418314063116,3.456988014095166e-13,6484667642080.519,False
858,0.039877199249022555,0.11993859962451126,3.4761061694113105,1.3630992514602553e-13,25501489826859.21,False
859,0.8000000000000004,0.5000000000000002,1.0655305352837616,3.456988014095166e-13,3082251170496.621,False
861,0.8000000000000004,0.5000000000000002,1.559413091132079,3.456988014095166e-13,4510901064087.839,False
862,0.8,0.5,2.2417418314063116,3.456988014095165e-13,6484667642080.5205,False
863,0.004907584217555723,0.8975462078912222,0.46348082258817475,2.1052860301370444e-13,2201509989395.618,False
864,0.8000000000000004,0.5000000000000002,0.787798559232637,3.456988014095166e-13,2278858231560.3887,False
865,0.5858175009570072,0.6070912495214967,3.5895995917131533,3.6551694963384166e-13,9820610495105.771,False
866,0.8000000000000004,0.5000000000000002,1.342280482056611,3.456988014095166e-13,3882803401642.5137,False
867,0.5907512053567584,0.39537560267837923,2.94690607678723,2.937196190941011e-13,10033058349578.986,False
868,0.8,0.5,2.6900901976875735,3.456988014095165e-13,7781601170496.623,False
869,0.8000000000000004,0.5000000000000002,2.189608300443374,3.456988014095166e-13,6333861417846.088,False
870,0.8000000000000004,0.5000000000000002,1.6813063735547336,3.456988014095166e-13,4863500731560.389,False
871,0.3397220735296482,0.5,3.4761061694113105,2.966820415218903e-13,11716604589815.83,False
872,0.8,0.5,3.4004438878767487,3.456988014095165e-13,9836435284161.041,False
873,0.36617676796280024,0.2830883839814001,3.4761061694113105,2.399571777736597e-13,14486360448405.33,False
874,0.8000000000000004,0.5000000000000002,0.5891705371883577,3.456988014095166e-13,1704288631566.365,False
875,0.8000000000000004,0.5000000000000002,0.4483483662812623,3.456988014095166e-13,1296933528416.1038,False
876,0.8000000000000004,0.5000000000000002,1.7758842254729361,3.456988014095166e-13,5137085284161.036,False
877,0.8000000000000004,0.5000000000000002,3.362612747109467,3.456988014095166e-13,9727001463120.777,False
878,0.8000000000000004,0.5000000000000002,2.0511997666932307,3.456988014095166e-13,5933488222492.761,False
881,0.5111305127939606,0.6444347436030197,1.6813063735547336,3.708514417322417e-13,4533638498751.349,False
882,0.8000000000000004,0.5000000000000002,2.2795729721735927,3.456988014095166e-13,6594101463120.777,False
883,0.8000000000000004,0.5000000000000002,1.2687240179618675,3.456988014095166e-13,3670027239865.7534,False
885,0.33069320230871485,0.734653398845643,2.6638263382094043,3.7686670048990873e-13,7068351580934.472,False
886,0.8000000000000004,0.5000000000000002,1.6723463665309042,3.456988014095166e-13,4837582194998.223,False
887,0.8,0.5,2.783261718874249,3.456988014095165e-13,8051117642080.521,False
888,0.8000000000000004,0.5000000000000002,1.1713124367261971,3.456988014095166e-13,3388245582427.271,False
890,0.8000000000000004,0.5000000000000002,1.4573330948043206,3.456988014095166e-13,4215615121783.3013,False
891,0.2000000000000001,0.5,2.317404112940874,2.699062468294227e-13,8585959532850.1,False
892,0.8000000000000004,0.5000000000000002,1.3319131691047021,3.456988014095166e-13,3852813963120.777,False
893,0.26393708356064755,0.7680314582196766,1.158702056470437,3.7478406718031283e-13,3091652388501.8096,False
894,0.8000000000000004,0.5000000000000002,1.7002219439383741,3.456988014095166e-13,4918217642080.519,False
895,0.5000000000000001,0.65,2.1310610705675233,3.715408366729612e-13,5735738471309.231,False
896,0.8000000000000004,0.5000000000000002,0.8879421127364681,3.456988014095166e-13,2568542642080.518,False
897,0.8000000000000004,0.5000000000000002,1.8236583777388737,3.456988014095166e-13,5275281170496.621,False
898,0.8000000000000004,0.5000000000000002,1.5221864789768025,3.456988014095166e-13,4403215957852.316,False
899,0.10991466442541026,0.8450426677872952,1.7380530847056552,3.4725155997075836e-13,5005169983547.416,False
900,0.8000000000000004,0.5000000000000002,2.6128809079225843,3.456988014095166e-13,7558258510787.695,False
901,0.8000000000000004,0.5000000000000002,0.968664122985238,3.456988014095166e-13,2802046518633.2925,False
903,0.8000000000000004,0.5000000000000002,1.3601775551506992,3.456988014095166e-13,3934574113664.414,False
904,0.8000000000000004,0.5000000000000002,0.968664122985238,3.456988014095166e-13,2802046518633.2925,False
906,0.8000000000000004,0.5000000000000002,1.4573330948043206,3.456988014095166e-13,4215615121783.3013,False
907,0.8000000000000004,0.5000000000000002,2.0511997666932307,3.456988014095166e-13,5933488222492.761,False
911,0.8000000000000004,0.5000000000000002,1.7153544002452865,3.456988014095166e-13,4961991170496.622,False
912,0.8000000000000004,0.5000000000000002,1.7758842254729361,3.456988014095166e-13,5137085284161.036,False
914,0.8000000000000004,0.5000000000000002,1.9948689638053119,3.456988014095166e-13,5770540585248.312,False
915,0.8000000000000004,0.5000000000000002,1.5221864789768025,3.456988014095166e-13,4403215957852.316,False
916,0.8000000000000004,0.5000000000000002,1.2209373138347759,3.456988014095166e-13,3531795044867.532,False
917,0.8000000000000004,0.5000000000000002,1.1839228169819576,3.456988014095166e-13,3424723522774.0244,False
918,0.8000000000000004,0.5000000000000002,2.4935862047566397,3.456988014095166e-13,7213175731560.39,False
919,0.5698610367648241,0.38493051838241205,3.4004438878767487,2.886847567748864e-13,11779090541065.12,False
920,0.8000000000000004,0.5000000000000002,1.0977177377088347,3.456988014095166e-13,3175358818813.122,False
921,0.8000000000000004,0.5000000000000002,1.1133046875496997,3.456988014095166e-13,3220447056832.208,False
922,0.8000000000000004,0.5000000000000002,0.8879421127364681,3.456988014095166e-13,2568542642080.518,False
924,0.8000000000000004,0.5000000000000002,1.4573330948043206,3.456988014095166e-13,4215615121783.3013,False
925,0.8000000000000004,0.5000000000000002,0.8879421127364681,3.456988014095166e-13,2568542642080.518,False
928,0.6123406542571478,0.5938296728714264,2.8716796733705228,3.633715768766673e-13,7902873686637.316,False
929,0.8000000000000004,0.5000000000000002,1.8672459988474828,3.456988014095166e-13,5401366713549.965,False
930,0.8000000000000004,0.5000000000000002,1.0655305352837616,3.456988014095166e-13,3082251170496.621,False
931,0.5698610367648241,0.6150694816175882,3.4761061694113105,3.6674977645994934e-13,9478141208331.225,False
932,0.4160804122751106,0.6919597938624451,1.3904424677645242,3.755891964866467e-13,3702029985875.695,False
933,0.8000000000000004,0.5000000000000002,2.064747604695318,3.456988014095166e-13,5972677938936.233,False
934,0.8000000000000004,0.5000000000000002,1.5221864789768025,3.456988014095166e-13,4403215957852.316,False
935,0.8000000000000004,0.5000000000000002,2.3532262098059724,3.456988014095166e-13,6807157560891.651,False
936,0.8000000000000004,0.5000000000000002,0.6659565845523511,3.456988014095166e-13,1926406981560.3884,False
938,0.8000000000000004,0.5000000000000002,1.8843763313552102,3.456988014095166e-13,5450919481560.389,False
939,0.8000000000000004,0.5000000000000002,1.5221864789768025,3.456988014095166e-13,4403215957852.316,False
940,0.8000000000000004,0.5000000000000002,1.979736507498399,3.456988014095166e-13,5726767056832.207,False
941,0.8000000000000004,0.5000000000000002,1.0255998833466153,3.456988014095166e-13,2966744111246.3804,False
943,0.8000000000000004,0.5000000000000002,1.4782364157542571,3.456988014095166e-13,4276081981560.3887,False
944,0.19657917657064444,0.8017104117146778,1.3904424677645242,3.682542154554502e-13,3775767959763.474,False
945,0.8000000000000004,0.5000000000000002,1.3319131691047021,3.456988014095166e-13,3852813963120.777,False
946,0.8000000000000004,0.5000000000000002,1.6750011834268534,3.456988014095166e-13,4845261761387.013,False
947,0.8000000000000004,0.5000000000000002,1.1839228169819576,3.456988014095166e-13,3424723522774.0244,False
948,0.8000000000000004,0.5000000000000002,1.4944945542708743,3.456988014095166e-13,4323111761387.012,False
949,0.8000000000000004,0.5000000000000002,0.6659565845523511,3.456988014095166e-13,1926406981560.3884,False
950,0.139520931616042,0.8302395341919794,1.7380530847056552,3.5682131493381693e-13,4870934027660.3955,False
951,0.07090908095847624,0.8645454595207623,2.1310610705675233,3.276946575221031e-13,6503191375415.642,False
952,0.8000000000000004,0.5000000000000002,2.346904663300367,3.456988014095166e-13,6788871276762.72,False
953,0.026316749381479383,0.11315837469073967,0.6320193035293292,1.2567301122774894e-13,5029077423663.878,False
954,0.8000000000000004,0.5000000000000002,0.5197709928213471,3.456988014095166e-13,1503537156339.8152,False
955,0.45655897081458896,0.6717205145927059,3.5517684509458722,3.739124243945478e-13,9498931351898.832,False
956,0.8000000000000004,0.5000000000000002,2.040266332726049,3.456988014095166e-13,5901861170496.621,False
957,0.31708411232627187,0.2585420561631359,3.4761061694113105,2.2797438237565977e-13,15247792901938.113,False
958,0.8000000000000004,0.5000000000000002,1.3544244378200183,3.456988014095166e-13,3917932119803.794,False
959,0.8000000000000004,0.5000000000000002,2.2417418314063116,3.456988014095166e-13,6484667642080.519,False
960,0.8000000000000004,0.5000000000000002,0.9030745690433803,3.456988014095166e-13,2612316170496.621,False
961,0.8000000000000004,0.5000000000000002,0.8966967325625246,3.456988014095166e-13,2593867056832.2075,False
962,0.8000000000000004,0.5000000000000002,1.595377596316957,3.456988014095166e-13,4614935284161.035,False
963,0.8000000000000004,0.5000000000000002,2.4935862047566397,3.456988014095166e-13,7213175731560.39,False
964,0.8,0.5,2.0402663327260493,3.456988014095165e-13,5901861170496.624,False
965,0.8000000000000004,0.5000000000000002,0.5847554769162585,3.456988014095166e-13,1691517224046.0103,False
966,0.8000000000000004,0.5000000000000002,1.78444684329698,3.456988014095166e-13,5161854296344.8545,False
967,0.8000000000000004,0.5000000000000002,0.8196388732952014,3.456988014095166e-13,2370962438843.555,False
969,0.8000000000000004,0.5000000000000002,2.087446289155687,3.456988014095166e-13,6038338231560.39,False
970,0.8000000000000004,0.5000000000000002,0.8196388732952014,3.456988014095166e-13,2370962438843.555,False
971,0.8000000000000004,0.5000000000000002,2.3856529018922137,3.456988014095166e-13,6900957978926.16,False
972,0.8000000000000004,0.5000000000000002,2.6638263382094043,3.456988014095166e-13,7705627926241.554,False
973,0.8000000000000004,0.5000000000000002,2.6900901976875735,3.456988014095166e-13,7781601170496.621,False
974,0.8000000000000004,0.5000000000000002,0.8879421127364681,3.456988014095166e-13,2568542642080.518,False
975,0.8000000000000004,0.5000000000000002,2.3856529018922137,3.456988014095166e-13,6900957978926.16,False
976,0.8000000000000004,0.5000000000000002,2.6638263382094043,3.456988014095166e-13,7705627926241.554,False
978,0.8000000000000004,0.5000000000000002,2.4505062860646953,3.456988014095166e-13,7088558814995.175,False
979,0.41654422162177174,0.30827211081088585,3.4761061694113105,2.5205811856542726e-13,13790891518175.838,False
980,0.8000000000000004,0.5000000000000002,2.515359670237177,3.456988014095166e-13,7276159651064.189,False
982,0.8000000000000004,0.5000000000000002,1.3912813324745947,3.456988014095166e-13,4024547747350.9536,False
983,0.8000000000000004,0.5000000000000002,0.968664122985238,3.456988014095166e-13,2802046518633.2925,False
985,0.8000000000000004,0.5000000000000002,1.3601775551506992,3.456988014095166e-13,3934574113664.414,False
986,0.7584161024470605,0.5207919487764697,1.554613171063043,3.4990501439037924e-13,4442957680305.218,False
987,0.8,0.5,1.173834512777349,3.456988014095165e-13,3395541170496.622,False
988,0.06018949435176194,0.13009474717588096,3.4004438878767487,1.4826371551419828e-13,22935105032836.64,False
989,0.336741938496917,0.7316290307515415,3.4761061694113105,3.769008586921956e-13,9222866144356.941,False
990,0.023141742227018654,0.8884291288864907,3.4761061694113105,2.7506624948510957e-13,12637341643760.938,False
991,0.8,0.5,1.506609771329718,3.456988014095165e-13,4358157347340.5845,False
992,0.8000000000000004,0.5000000000000002,1.0541811930535774,3.456988014095166e-13,3049421024184.544,False
