window,i_start,i_end,depth,mean_soc,count
10-90%,1,3,0.23842680375515182,0.36086598605469133,1.0
10-90%,0,14,0.7675578757385517,0.5162210621307243,0.5
10-90%,33,35,0.35128244364892025,0.7243587781755398,1.0
10-90%,21,38,0.8,0.5,1.0
10-90%,45,48,0.29123978621882,0.24561989310940993,1.0
10-90%,67,68,0.3188219684502205,0.7405890157748898,1.0
10-90%,69,70,0.25503972149557275,0.7724801392522136,1.0
10-90%,14,50,0.8000000000000003,0.5000000000000001,0.5
10-90%,50,75,0.8000000000000003,0.5000000000000001,0.5
10-90%,83,85,5.921189464667501e-17,0.09999999999999995,1.0
10-90%,75,89,0.8000000000000003,0.5000000000000001,0.5
10-90%,104,109,0.524142402219404,0.6379287988902982,1.0
10-90%,89,112,0.8000000000000003,0.5000000000000001,0.5
10-90%,117,118,0.35554344236714525,0.27777172118357263,1.0
10-90%,112,114,0.8000000000000003,0.5000000000000001,0.5
10-90%,132,136,0.08601158557384603,0.856994207213077,1.0
10-90%,114,130,0.8000000000000003,0.5000000000000001,0.5
10-90%,130,143,0.8000000000000003,0.5000000000000001,0.5
10-90%,153,154,1.8947806286936006e-16,0.9,1.0
10-90%,167,169,2.3684757858670006e-16,0.32671400647503246,1.0
10-90%,157,166,0.8000000000000002,0.5000000000000001,1.0
10-90%,173,176,1.8947806286936006e-16,0.9,1.0
10-90%,143,184,0.8000000000000003,0.5000000000000001,0.5
10-90%,184,189,0.8000000000000003,0.5000000000000001,0.5
10-90%,189,204,0.8000000000000003,0.5000000000000001,0.5
10-90%,210,211,5.921189464667501e-17,0.09999999999999995,1.0
10-90%,204,212,0.8000000000000003,0.5000000000000001,0.5
10-90%,212,223,0.8000000000000003,0.5000000000000001,0.5
10-90%,234,236,5.921189464667501e-17,0.09999999999999995,1.0
10-90%,237,238,5.921189464667501e-17,0.09999999999999995,1.0
10-90%,223,239,0.8000000000000003,0.5000000000000001,0.5
10-90%,245,246,1.8947806286936006e-16,0.9,1.0
10-90%,239,256,0.8000000000000003,0.5000000000000001,0.5
10-90%,261,266,5.921189464667501e-17,0.09999999999999995,1.0
10-90%,275,278,5.921189464667501e-17,0.09999999999999995,1.0
10-90%,284,289,0.24853679618547347,0.22426839809273674,1.0
10-90%,294,310,0.7953224873061667,0.5023387563469167,1.0
10-90%,256,280,0.8000000000000003,0.5000000000000001,0.5
10-90%,331,332,1.8947806286936006e-16,0.9,1.0
10-90%,334,336,0.524142402219404,0.6379287988902982,1.0
10-90%,347,351,0.7525841420735856,0.5237079289632072,1.0
10-90%,280,344,0.8000000000000003,0.5000000000000001,0.5
10-90%,353,355,5.921189464667501e-17,0.09999999999999995,1.0
10-90%,356,365,5.921189464667501e-17,0.09999999999999995,1.0
10-90%,344,370,0.8000000000000003,0.5000000000000001,0.5
10-90%,387,399,1.8947806286936006e-16,0.9,1.0
10-90%,400,402,0.5450837013364516,0.6274581493317745,1.0
10-90%,370,411,0.8000000000000003,0.5000000000000001,0.5
10-90%,416,422,5.921189464667501e-17,0.09999999999999995,1.0
10-90%,424,427,5.921189464667501e-17,0.09999999999999995,1.0
10-90%,429,430,5.921189464667501e-17,0.09999999999999995,1.0
10-90%,474,476,0.09971735423090403,0.850141322884548,1.0
10-90%,477,478,0.3724597055092037,0.7137701472453981,1.0
10-90%,411,432,0.8000000000000003,0.5000000000000001,0.5
10-90%,480,483,1.8947806286936006e-16,0.9,1.0
10-90%,485,486,1.8947806286936006e-16,0.9,1.0
10-90%,432,487,0.8000000000000003,0.5000000000000001,0.5
10-90%,487,501,0.8000000000000003,0.5000000000000001,0.5
10-90%,501,513,0.8000000000000003,0.5000000000000001,0.5
10-90%,515,519,0.8,0.5,1.0
10-90%,529,544,0.5241424022194038,0.3620712011097018,1.0
10-90%,552,555,9.473903143468003e-17,0.5592295600521836,1.0
10-90%,513,549,0.8000000000000003,0.5000000000000001,0.5
10-90%,576,580,1.8947806286936006e-16,0.9,1.0
10-90%,581,584,1.8947806286936006e-16,0.9,1.0
10-90%,588,592,0.5241424022194038,0.6379287988902981,1.0
10-90%,549,585,0.8000000000000003,0.5000000000000001,0.5
10-90%,585,596,0.8000000000000003,0.5000000000000001,0.5
10-90%,603,604,2.842170943040401e-16,0.6593041151524871,1.0
10-90%,605,608,0.47696961539728866,0.6615151923013557,1.0
10-90%,596,602,0.8000000000000003,0.5000000000000001,0.5
10-90%,602,618,0.8000000000000003,0.5000000000000001,0.5
10-90%,692,694,0.2482848044388076,0.5,1.0
10-90%,675,688,0.8,0.5,1.0
10-90%,618,661,0.8000000000000003,0.5000000000000001,0.5
10-90%,661,701,0.8000000000000003,0.5000000000000001,0.5
10-90%,707,719,0.5920286464510269,0.6039856767744868,1.0
10-90%,701,728,0.8000000000000003,0.5000000000000001,0.5
10-90%,736,745,0.08663654087094401,0.143318270435472,1.0
10-90%,750,769,0.8,0.5,1.0
10-90%,728,731,0.8000000000000003,0.5000000000000001,0.5
10-90%,792,799,0.8,0.5,1.0
10-90%,731,785,0.8000000000000003,0.5000000000000001,0.5
10-90%,802,804,5.921189464667501e-17,0.09999999999999995,1.0
10-90%,808,820,0.8,0.5,1.0
10-90%,785,805,0.8000000000000003,0.5000000000000001,0.5
10-90%,805,826,0.8000000000000003,0.5000000000000001,0.5
10-90%,828,832,0.5117342219045351,0.3558671109522675,1.0
10-90%,834,835,5.921189464667501e-17,0.09999999999999995,1.0
10-90%,836,839,0.4348485886219149,0.31742429431095737,1.0
10-90%,848,866,0.21307620713246064,0.2065381035662303,1.0
10-90%,875,877,0.8,0.5,1.0
10-90%,826,840,0.8000000000000003,0.5000000000000001,0.5
10-90%,883,885,0.5241424022194038,0.3620712011097019,1.0
10-90%,840,881,0.8000000000000003,0.5000000000000001,0.5
10-90%,890,905,0.8,0.5,1.0
10-90%,924,926,0.2775935655331944,0.7612032172334028,1.0
10-90%,909,928,0.8,0.5,1.0
10-90%,881,937,0.8000000000000003,0.5000000000000001,0.5
10-90%,951,952,1.8947806286936006e-16,0.9,1.0
10-90%,958,960,1.8947806286936006e-16,0.9,1.0
10-90%,974,976,0.8,0.5,1.0
10-90%,937,964,0.8000000000000003,0.5000000000000001,0.5
10-90%,964,979,0.8000000000000003,0.5000000000000001,0.5
10-90%,986,994,0.8000000000000002,0.5000000000000001,1.0
10-90%,998,1000,1.8947806286936006e-16,0.9,1.0
10-90%,979,1001,0.8000000000000003,0.5000000000000001,0.5
10-90%,1003,1006,5.921189464667501e-17,0.09999999999999995,1.0
10-90%,1007,1009,5.921189464667501e-17,0.09999999999999995,1.0
10-90%,1010,1011,5.921189464667501e-17,0.09999999999999995,1.0
10-90%,1049,1056,0.001214144342249798,0.10060707217112487,1.0
10-90%,1001,1012,0.8000000000000003,0.5000000000000001,0.5
10-90%,1012,1086,0.8000000000000003,0.5000000000000001,0.5
10-90%,1101,1102,0.1539392307945773,0.5,1.0
10-90%,1086,1092,0.8000000000000003,0.5000000000000001,0.5
10-90%,1104,1106,1.8947806286936006e-16,0.9,1.0
10-90%,1107,1109,1.8947806286936006e-16,0.9,1.0
10-90%,1092,1111,0.8000000000000003,0.5000000000000001,0.5
10-90%,1116,1119,5.921189464667501e-17,0.09999999999999995,1.0
10-90%,1124,1134,0.8,0.5,1.0
10-90%,1111,1137,0.8000000000000003,0.5000000000000001,0.5
10-90%,1157,1158,1.8947806286936006e-16,0.9,1.0
10-90%,1137,1160,0.8000000000000003,0.5000000000000001,0.5
10-90%,1171,1186,0.8,0.5,1.0
10-90%,1163,1199,0.8,0.5,1.0
10-90%,1207,1219,0.3955679618587165,0.29778398092935826,1.0
10-90%,1221,1225,0.5065867779344236,0.35329338896721185,1.0
10-90%,1242,1250,0.017637640325339893,0.89118117983733,1.0
10-90%,1202,1254,0.8,0.5,1.0
10-90%,1263,1271,0.8,0.5,1.0
10-90%,1256,1278,0.8,0.5,1.0
10-90%,1302,1308,0.4420548324983169,0.6789725837508416,1.0
10-90%,1282,1312,0.8,0.5,1.0
10-90%,1314,1316,5.921189464667501e-17,0.09999999999999995,1.0
10-90%,1320,1324,1.8947806286936006e-16,0.5769696153972885,1.0
10-90%,1160,1317,0.8000000000000003,0.5000000000000001,0.5
10-90%,1317,1326,0.8000000000000003,0.5000000000000001,0.5
10-90%,1326,1330,0.8000000000000003,0.5000000000000001,0.5
10-90%,1352,1361,0.3242323697845465,0.7378838151077267,1.0
10-90%,1330,1351,0.8000000000000003,0.5000000000000001,0.5
10-90%,1363,1364,5.921189464667501e-17,0.09999999999999995,1.0
10-90%,1365,1371,0.3702899206192057,0.28514496030960274,1.0
10-90%,1375,1385,0.8,0.5,1.0
10-90%,1351,1391,0.8000000000000003,0.5000000000000001,0.5
10-90%,1391,1396,0.8000000000000003,0.5000000000000001,0.5
10-90%,1396,1400,0.8000000000000003,0.5000000000000001,0.5
10-90%,1400,1407,0.8000000000000003,0.5000000000000001,0.5
10-90%,1414,1417,2.3684757858670006e-16,0.30074710224949436,1.0
10-90%,1410,1413,0.47696961539728877,0.33848480769864425,1.0
10-90%,1422,1424,0.6150781493104499,0.592460925344775,1.0
10-90%,1447,1448,4.736951571734001e-16,0.791846987876268,1.0
10-90%,1433,1434,0.45085726035540263,0.6745713698222986,1.0
10-90%,1407,1418,0.8000000000000003,0.5000000000000001,0.5
10-90%,1470,1471,0.108590678054038,0.8457046609729809,1.0
10-90%,1458,1459,0.16423676050507993,0.8178816197474602,1.0
10-90%,1418,1481,0.8000000000000003,0.5000000000000001,0.5
10-90%,1487,1488,9.473903143468003e-17,0.490192365342812,1.0
10-90%,1481,1483,0.8000000000000003,0.5000000000000001,0.5
10-90%,1483,1494,0.8000000000000003,0.5000000000000001,0.5
10-90%,1496,1505,0.44620585467299245,0.32310292733649615,1.0
10-90%,1512,1513,2.3684757858670006e-16,0.3049493568949578,1.0
10-90%,1519,1520,4.736951571734001e-16,0.8078009333979863,1.0
10-90%,1529,1538,0.7738223136049953,0.5130888431975024,1.0
10-90%,1494,1508,0.8000000000000003,0.5000000000000001,0.5
10-90%,1554,1556,0.04322663851924422,0.8783866807403782,1.0
10-90%,1579,1580,2.842170943040401e-16,0.6789429581377814,1.0
10-90%,1592,1602,0.08700974353736977,0.5806375304507189,1.0
10-90%,1569,1590,0.40721670175896385,0.6963916491205181,1.0
10-90%,1607,1608,2.3684757858670006e-16,0.3550707372038166,1.0
10-90%,1567,1606,0.8000000000000002,0.5000000000000001,1.0
10-90%,1614,1618,0.8000000000000002,0.5000000000000001,1.0
10-90%,1508,1625,0.8000000000000003,0.5000000000000001,0.5
10-90%,1633,1634,0.1539392307945773,0.5,1.0
10-90%,1629,1637,0.8,0.5,1.0
10-90%,1625,1639,0.8000000000000003,0.5000000000000001,0.5
10-90%,1639,1647,0.8000000000000003,0.5000000000000001,0.5
10-90%,1660,1668,0.16041541050678715,0.18020770525339352,1.0
10-90%,1647,1656,0.8000000000000003,0.5000000000000001,0.5
10-90%,1685,1689,0.18777154764554874,0.8061142261772258,1.0
10-90%,1692,1695,1.8947806286936006e-16,0.9,1.0
10-90%,1656,1696,0.8000000000000003,0.5000000000000001,0.5
10-90%,1698,1699,5.921189464667501e-17,0.09999999999999995,1.0
10-90%,1707,1716,0.47696961539728866,0.3384848076986443,1.0
10-90%,1720,1724,0.47696961539728866,0.6615151923013557,1.0
10-90%,1696,1701,0.8000000000000003,0.5000000000000001,0.5
10-90%,1731,1733,1.8947806286936006e-16,0.9,1.0
10-90%,1738,1739,0.3473622504078902,0.726318874796055,1.0
10-90%,1735,1736,0.4014633723885724,0.699268313805714,1.0
10-90%,1701,1743,0.8000000000000003,0.5000000000000001,0.5
10-90%,1759,1760,0.5241424022194038,0.4474069210272668,1.0
10-90%,1747,1769,0.6857781467813379,0.44288907339066885,1.0
10-90%,1743,1771,0.8000000000000003,0.5000000000000001,0.5
10-90%,1771,1782,0.8000000000000003,0.5000000000000001,0.5
10-90%,1782,1784,0.8000000000000003,0.5000000000000001,0.5
10-90%,1798,1799,0.005713288092145336,0.10285664404607266,1.0
10-90%,1811,1813,0.07056551624145281,0.8647172418792737,1.0
10-90%,1793,1803,0.8000000000000002,0.5000000000000001,1.0
10-90%,1784,1817,0.8000000000000003,0.5000000000000001,0.5
10-90%,1817,1821,0.8000000000000003,0.5000000000000001,0.5
10-90%,1835,1841,0.8,0.5,1.0
10-90%,1821,1830,0.8000000000000003,0.5000000000000001,0.5
10-90%,1845,1846,5.921189464667501e-17,0.09999999999999995,1.0
10-90%,1855,1865,0.29876840127797094,0.2493842006389854,1.0
10-90%,1869,1870,5.921189464667501e-17,0.09999999999999995,1.0
10-90%,1871,1872,5.921189464667501e-17,0.09999999999999995,1.0
10-90%,1873,1875,0.40000198921569513,0.30000099460784746,1.0
10-90%,1880,1885,0.47696961539728866,0.3384848076986443,1.0
10-90%,1893,1894,0.006285738444958232,0.8968571307775209,1.0
10-90%,1830,1876,0.8000000000000003,0.5000000000000001,0.5
10-90%,1876,1902,0.8000000000000003,0.5000000000000001,0.5
10-90%,1926,1935,9.473903143468003e-17,0.6311719754687521,1.0
10-90%,1915,1937,0.6040974099769294,0.4020487049884647,1.0
10-90%,1904,1913,0.8,0.5,1.0
10-90%,1902,1939,0.8000000000000003,0.5000000000000001,0.5
10-90%,1950,1952,0.06998777395083076,0.8650061130245849,1.0
10-90%,1981,1986,0.2482848044388076,0.5,1.0
10-90%,1991,1992,1.8947806286936006e-16,0.49011789653031057,1.0
10-90%,1989,1997,0.8,0.5,1.0
10-90%,1939,1962,0.8000000000000003,0.5000000000000001,0.5
10-90%,2002,2006,0.6643756921710915,0.43218784608554567,1.0
10-90%,2014,2015,5.921189464667501e-17,0.09999999999999995,1.0
10-90%,2023,2026,0.2148566426244033,0.20742832131220165,1.0
10-90%,1962,2017,0.8000000000000003,0.5000000000000001,0.5
10-90%,2017,2034,0.8000000000000003,0.5000000000000001,0.5
10-90%,2034,2047,0.8000000000000003,0.5000000000000001,0.5
10-90%,2047,2056,0.8000000000000003,0.5000000000000001,0.5
10-90%,2063,2064,5.921189464667501e-17,0.09999999999999995,1.0
10-90%,2065,2066,5.921189464667501e-17,0.09999999999999995,1.0
10-90%,2068,2069,0.47696961539728866,0.33848480769864425,1.0
10-90%,2056,2071,0.8000000000000003,0.5000000000000001,0.5
10-90%,2085,2086,1.8947806286936006e-16,0.9,1.0
10-90%,2071,2087,0.8000000000000003,0.5000000000000001,0.5
10-90%,2105,2107,0.3973143807787375,0.7013428096106312,1.0
10-90%,2087,2095,0.8000000000000003,0.5000000000000001,0.5
10-90%,2095,2117,0.8000000000000003,0.5000000000000001,0.5
10-90%,2117,2119,0.8000000000000003,0.5000000000000001,0.5
10-90%,2119,2128,0.8000000000000003,0.5000000000000001,0.5
10-90%,2132,2133,5.921189464667501e-17,0.09999999999999995,1.0
10-90%,2147,2153,0.5241424022194037,0.36207120110970187,1.0
10-90%,2135,2141,0.8,0.5,1.0
10-90%,2154,2157,5.921189464667501e-17,0.09999999999999995,1.0
10-90%,2128,2158,0.8000000000000003,0.5000000000000001,0.5
10-90%,2158,2166,0.8000000000000003,0.5000000000000001,0.5
10-90%,2166,2168,0.8000000000000003,0.5000000000000001,0.5
10-90%,2187,2188,9.473903143468003e-17,0.8097708988412885,1.0
10-90%,2177,2182,0.8000000000000002,0.5000000000000001,1.0
10-90%,2191,2192,0.511051329843304,0.6444743350783481,1.0
10-90%,2168,2201,0.8000000000000003,0.5000000000000001,0.5
10-90%,2201,2214,0.8000000000000003,0.5000000000000001,0.5
10-90%,2244,2261,0.8,0.5,1.0
10-90%,2214,2223,0.8000000000000003,0.5000000000000001,0.5
10-90%,2278,2284,0.5444783534924024,0.3722391767462012,1.0
10-90%,2273,2291,0.8,0.5,1.0
10-90%,2223,2269,0.8000000000000003,0.5000000000000001,0.5
10-90%,2301,2309,0.8,0.5,1.0
10-90%,2269,2297,0.8000000000000003,0.5000000000000001,0.5
10-90%,2297,2314,0.8000000000000003,0.5000000000000001,0.5
10-90%,2314,2320,0.8000000000000003,0.5000000000000001,0.5
10-90%,2320,2322,0.8000000000000003,0.5000000000000001,0.5
10-90%,2397,2398,1.8947806286936006e-16,0.9,1.0
10-90%,2410,2417,0.8,0.5,1.0
10-90%,2322,2403,0.8000000000000003,0.5000000000000001,0.5
10-90%,2429,2435,0.7247851689405498,0.4623925844702749,1.0
10-90%,2403,2419,0.8000000000000003,0.5000000000000001,0.5
10-90%,2419,2440,0.8000000000000003,0.5000000000000001,0.5
10-90%,2440,2444,0.8000000000000003,0.5000000000000001,0.5
10-90%,2447,2448,1.8947806286936006e-16,0.9,1.0
10-90%,2451,2452,1.8947806286936006e-16,0.9,1.0
10-90%,2458,2460,1.8947806286936006e-16,0.9,1.0
10-90%,2444,2461,0.8000000000000003,0.5000000000000001,0.5
10-90%,2461,2470,0.8000000000000003,0.5000000000000001,0.5
10-90%,2470,2477,0.8000000000000003,0.5000000000000001,0.5
10-90%,2497,2502,0.2715261185878541,0.23576305929392702,1.0
10-90%,2489,2503,0.8,0.5,1.0
10-90%,2479,2513,0.8,0.5,1.0
10-90%,2515,2538,0.5241424022194038,0.3620712011097018,1.0
10-90%,2539,2561,0.45701314891680395,0.32850657445840187,1.0
10-90%,2574,2575,1.8947806286936006e-16,0.8626624734148906,1.0
10-90%,2573,2576,0.5614799288045133,0.6192600355977433,1.0
10-90%,2477,2563,0.8000000000000003,0.5000000000000001,0.5
10-90%,2588,2597,0.5241424022194038,0.6379287988902981,1.0
10-90%,2607,2621,0.31719973901094534,0.25859986950547265,1.0
10-90%,2563,2586,0.8000000000000003,0.5000000000000001,0.5
10-90%,2633,2635,0.5314929771339882,0.6342535114330059,1.0
10-90%,2645,2652,0.8,0.5,1.0
10-90%,2586,2622,0.8000000000000003,0.5000000000000001,0.5
10-90%,2622,2657,0.8000000000000003,0.5000000000000001,0.5
10-90%,2659,2669,0.8,0.5,1.0
10-90%,2671,2681,0.8,0.5,1.0
10-90%,2684,2686,0.3770176821962046,0.2885088410981022,1.0
10-90%,2694,2699,0.5241424022194038,0.3620712011097019,1.0
10-90%,2689,2705,0.8,0.5,1.0
10-90%,2707,2709,5.921189464667501e-17,0.09999999999999995,1.0
10-90%,2715,2716,1.8947806286936006e-16,0.5045891976340647,1.0
10-90%,2718,2723,0.5241424022194038,0.3620712011097019,1.0
10-90%,2657,2710,0.8000000000000003,0.5000000000000001,0.5
10-90%,2710,2730,0.8000000000000003,0.5000000000000001,0.5
10-90%,2732,2741,0.8,0.5,1.0
10-90%,2730,2743,0.8000000000000003,0.5000000000000001,0.5
10-90%,2754,2757,0.3873416072759868,0.7063291963620068,1.0
10-90%,2767,2778,0.22167949831116063,0.4866973469361765,1.0
10-90%,2743,2765,0.8000000000000003,0.5000000000000001,0.5
10-90%,2779,2789,0.010676332654313671,0.10533816632715674,1.0
10-90%,2791,2801,0.4135987618472324,0.3067993809236161,1.0
10-90%,2765,2803,0.8000000000000003,0.5000000000000001,0.5
10-90%,2813,2820,0.8000000000000002,0.5000000000000001,1.0
10-90%,2803,2824,0.8000000000000003,0.5000000000000001,0.5
10-90%,2824,2827,0.8000000000000003,0.5000000000000001,0.5
10-90%,2827,2837,0.8000000000000003,0.5000000000000001,0.5
10-90%,2837,2839,0.8000000000000003,0.5000000000000001,0.5
10-90%,2839,2849,0.8000000000000003,0.5000000000000001,0.5
10-90%,2862,2865,0.030905274923623646,0.5719279517425764,1.0
10-90%,2849,2852,0.8000000000000003,0.5000000000000001,0.5
10-90%,2874,2876,0.7418914267993043,0.529054286600348,1.0
10-90%,2898,2900,0.3108548223272019,0.7445725888363992,1.0
10-90%,2852,2909,0.8000000000000003,0.5000000000000001,0.5
10-90%,2909,2915,0.8000000000000003,0.5000000000000001,0.5
10-90%,2915,2922,0.8000000000000003,0.5000000000000001,0.5
10-90%,2922,2925,0.8000000000000003,0.5000000000000001,0.5
10-90%,2933,2934,0.4058376137758261,0.697081193112087,1.0
10-90%,2949,2957,0.23597940298933756,0.7820102985053312,1.0
10-90%,2925,2946,0.8000000000000003,0.5000000000000001,0.5
10-90%,2959,2969,0.8,0.5,1.0
10-90%,2971,2981,0.4868819554440708,0.3434409777220353,1.0
10-90%,2946,2983,0.8000000000000003,0.5000000000000001,0.5
10-90%,2983,2993,0.8000000000000003,0.5000000000000001,0.5
10-90%,2993,2996,0.8000000000000003,0.5000000000000001,0.5
10-90%,3005,3011,0.8000000000000002,0.5000000000000001,1.0
10-90%,2996,3018,0.8000000000000003,0.5000000000000001,0.5
10-90%,3020,3023,5.921189464667501e-17,0.09999999999999995,1.0
10-90%,3024,3026,5.921189464667501e-17,0.09999999999999995,1.0
10-90%,3018,3031,0.8000000000000003,0.5000000000000001,0.5
10-90%,3031,3041,0.8000000000000003,0.5000000000000001,0.5
10-90%,3041,3047,0.8000000000000003,0.5000000000000001,0.5
10-90%,3047,3066,0.8000000000000003,0.5000000000000001,0.5
10-90%,3066,3069,0.8000000000000003,0.5000000000000001,0.5
10-90%,3077,3082,0.8000000000000002,0.5000000000000001,1.0
10-90%,3069,3089,0.8000000000000003,0.5000000000000001,0.5
10-90%,3101,3107,0.5472251383730272,0.3736125691865136,1.0
10-90%,3089,3091,0.8000000000000003,0.5000000000000001,0.5
10-90%,3114,3116,9.473903143468003e-17,0.3484939766885341,1.0
10-90%,3091,3109,0.8000000000000003,0.5000000000000001,0.5
10-90%,3125,3131,0.8,0.5,1.0
10-90%,3109,3120,0.8000000000000003,0.5000000000000001,0.5
10-90%,3120,3138,0.8000000000000003,0.5000000000000001,0.5
10-90%,3138,3141,0.8000000000000003,0.5000000000000001,0.5
10-90%,3159,3161,0.2776960601678719,0.7611519699160642,1.0
10-90%,3155,3162,0.8,0.5,1.0
10-90%,3141,3148,0.8000000000000003,0.5000000000000001,0.5
10-90%,3174,3180,0.8,0.5,1.0
10-90%,3184,3193,0.05456536504639568,0.8727173174768021,1.0
10-90%,3148,3166,0.8000000000000003,0.5000000000000001,0.5
10-90%,3166,3196,0.8000000000000003,0.5000000000000001,0.5
10-90%,3199,3201,5.921189464667501e-17,0.09999999999999995,1.0
10-90%,3196,3202,0.8000000000000003,0.5000000000000001,0.5
10-90%,3202,3210,0.8000000000000003,0.5000000000000001,0.5
10-90%,3210,3213,0.8000000000000003,0.5000000000000001,0.5
10-90%,3234,3237,0.23011979886100553,0.7849401005694974,1.0
10-90%,3213,3245,0.8000000000000003,0.5000000000000001,0.5
10-90%,3245,3247,0.8000000000000003,0.5000000000000001,0.5
10-90%,3247,3257,0.8000000000000003,0.5000000000000001,0.5
10-90%,3264,3265,1.8947806286936006e-16,0.4230303846027114,1.0
10-90%,3260,3269,0.8,0.5,1.0
10-90%,3271,3281,0.8,0.5,1.0
10-90%,3287,3291,0.1539392307945773,0.5,1.0
10-90%,3283,3292,0.8,0.5,1.0
10-90%,3311,3329,0.33595857456362316,0.2679792872818116,1.0
10-90%,3295,3305,0.8,0.5,1.0
10-90%,3352,3353,4.7369515717340015e-17,0.416067968691756,1.0
10-90%,3344,3354,0.316067968691756,0.258033984345878,1.0
10-90%,3331,3341,0.8,0.5,1.0
10-90%,3257,3355,0.8000000000000003,0.5000000000000001,0.5
10-90%,3367,3371,0.8000000000000002,0.5000000000000001,1.0
10-90%,3355,3378,0.8000000000000003,0.5000000000000001,0.5
10-90%,3380,3385,5.921189464667501e-17,0.09999999999999995,1.0
10-90%,3378,3386,0.8000000000000003,0.5000000000000001,0.5
10-90%,3386,3402,0.8000000000000003,0.5000000000000001,0.5
10-90%,3404,3413,0.8,0.5,1.0
10-90%,3416,3421,5.921189464667501e-17,0.09999999999999995,1.0
10-90%,3402,3426,0.8000000000000003,0.5000000000000001,0.5
10-90%,3438,3443,0.44240939776737936,0.6787953011163105,1.0
10-90%,3453,3454,1.8947806286936006e-16,0.8451506473608851,1.0
10-90%,3450,3458,0.4769696153972888,0.6615151923013557,1.0
10-90%,3469,3471,0.5942838097313073,0.39714190486565365,1.0
10-90%,3491,3498,0.8,0.5,1.0
10-90%,3515,3539,0.8,0.5,1.0
10-90%,3461,3540,0.8000000000000002,0.5000000000000001,1.0
10-90%,3426,3546,0.8000000000000003,0.5000000000000001,0.5
10-90%,3546,3563,0.8000000000000003,0.5000000000000001,0.5
10-90%,3569,3570,1.8947806286936006e-16,0.9,1.0
10-90%,3572,3574,0.4956293788033117,0.6521853105983443,1.0
10-90%,3590,3593,0.031830692824407265,0.8840846535877964,1.0
10-90%,3563,3582,0.8000000000000003,0.5000000000000001,0.5
10-90%,3595,3617,0.6196522570163016,0.4098261285081507,1.0
10-90%,3620,3629,0.08462779725931299,0.14231389862965643,1.0
10-90%,3582,3631,0.8000000000000003,0.5000000000000001,0.5
10-90%,3631,3642,0.8000000000000003,0.5000000000000001,0.5
10-90%,3653,3659,0.8,0.5,1.0
10-90%,3642,3644,0.8000000000000003,0.5000000000000001,0.5
10-90%,3672,3676,0.793050551278462,0.503474724360769,1.0
10-90%,3644,3664,0.8000000000000003,0.5000000000000001,0.5
10-90%,3664,3678,0.8000000000000003,0.5000000000000001,0.5
10-90%,3678,3688,0.8000000000000003,0.5000000000000001,0.5
10-90%,3688,3692,0.8000000000000003,0.5000000000000001,0.5
10-90%,3724,3738,0.025524216392459897,0.11276210819622993,1.0
10-90%,3692,3714,0.8000000000000003,0.5000000000000001,0.5
10-90%,3745,3746,4.7369515717340015e-17,0.30141157589707207,1.0
10-90%,3749,3754,0.5241424022194038,0.3620712011097019,1.0
10-90%,3714,3740,0.8000000000000003,0.5000000000000001,0.5
10-90%,3763,3764,9.473903143468003e-17,0.6241424022194038,1.0
10-90%,3768,3773,0.8,0.5,1.0
10-90%,3740,3762,0.8000000000000003,0.5000000000000001,0.5
10-90%,3762,3775,0.8000000000000003,0.5000000000000001,0.5
10-90%,3775,3786,0.8000000000000003,0.5000000000000001,0.5
10-90%,3786,3789,0.8000000000000003,0.5000000000000001,0.5
10-90%,3797,3800,0.663503260150631,0.5682483699246846,1.0
10-90%,3815,3822,0.044987915379940756,0.39835155547056655,1.0
10-90%,3789,3809,0.8000000000000003,0.5000000000000001,0.5
10-90%,3824,3833,0.3897688960849653,0.29488444804248254,1.0
10-90%,3809,3838,0.8000000000000003,0.5000000000000001,0.5
10-90%,3838,3845,0.8000000000000003,0.5000000000000001,0.5
10-90%,3847,3850,5.921189464667501e-17,0.09999999999999995,1.0
10-90%,3845,3851,0.8000000000000003,0.5000000000000001,0.5
10-90%,3851,3856,0.8000000000000003,0.5000000000000001,0.5
10-90%,3862,3867,5.921189464667501e-17,0.09999999999999995,1.0
10-90%,3878,3879,0.47696961539728866,0.6615151923013557,1.0
10-90%,3856,3868,0.8000000000000003,0.5000000000000001,0.5
10-90%,3868,3883,0.8000000000000003,0.5000000000000001,0.5
10-90%,3886,3905,0.8,0.5,1.0
10-90%,3883,3909,0.8000000000000003,0.5000000000000001,0.5
10-90%,3924,3929,0.8,0.5,1.0
10-90%,3934,3935,0.47696961539728866,0.3384848076986443,1.0
10-90%,3938,3940,0.8,0.5,1.0
10-90%,3909,3917,0.8000000000000003,0.5000000000000001,0.5
10-90%,3917,3942,0.8000000000000003,0.5000000000000001,0.5
10-90%,3958,3965,0.8,0.5,1.0
10-90%,3967,3977,0.8,0.5,1.0
10-90%,3942,3955,0.8000000000000003,0.5000000000000001,0.5
10-90%,3955,3982,0.8000000000000003,0.5000000000000001,0.5
10-90%,3989,3996,0.8000000000000002,0.5000000000000001,1.0
10-90%,4005,4006,0.17298757004816384,0.8135062149759181,1.0
10-90%,4007,4013,0.39801651713187985,0.7009917414340601,1.0
10-90%,3982,4003,0.8000000000000003,0.5000000000000001,0.5
10-90%,4015,4023,0.8,0.5,1.0
10-90%,4031,4037,0.20886648973759614,0.204433244868798,1.0
10-90%,4039,4049,0.8,0.5,1.0
10-90%,4051,4059,5.921189464667501e-17,0.09999999999999995,1.0
10-90%,4060,4062,5.921189464667501e-17,0.09999999999999995,1.0
10-90%,4003,4065,0.8000000000000003,0.5000000000000001,0.5
10-90%,4078,4085,0.10660349724093426,0.8466982513795329,1.0
10-90%,4065,4076,0.8000000000000003,0.5000000000000001,0.5
10-90%,4076,4087,0.8000000000000003,0.5000000000000001,0.5
10-90%,4087,4098,0.8000000000000003,0.5000000000000001,0.5
10-90%,4100,4101,5.921189464667501e-17,0.09999999999999995,1.0
10-90%,4109,4113,0.8,0.5,1.0
10-90%,4102,4121,0.8,0.5,1.0
10-90%,4133,4138,0.8,0.5,1.0
10-90%,4148,4169,0.5030431491252884,0.3515215745626442,1.0
10-90%,4123,4145,0.8,0.5,1.0
10-90%,4175,4181,0.8,0.5,1.0
10-90%,4187,4190,0.1539392307945773,0.5,1.0
10-90%,4098,4183,0.8000000000000003,0.5000000000000001,0.5
10-90%,4195,4197,0.7672308480415763,0.5163845759792121,1.0
10-90%,4183,4218,0.8000000000000003,0.5000000000000001,0.5
10-90%,4218,4221,0.8000000000000003,0.5000000000000001,0.5
10-90%,4244,4245,0.10549761861324432,0.847251190693378,1.0
10-90%,4254,4256,0.3728134882157317,0.7135932558921344,1.0
10-90%,4269,4278,0.2482848044388075,0.5,1.0
10-90%,4221,4265,0.8000000000000003,0.5000000000000001,0.5
10-90%,4265,4279,0.8000000000000003,0.5000000000000001,0.5
10-90%,4296,4312,0.3051772769286788,0.2525886384643394,1.0
10-90%,4279,4289,0.8000000000000003,0.5000000000000001,0.5
10-90%,4321,4322,1.8947806286936006e-16,0.6905134908663413,1.0
10-90%,4289,4315,0.8000000000000003,0.5000000000000001,0.5
10-90%,4327,4337,0.5241424022194036,0.6379287988902982,1.0
10-90%,4345,4346,2.842170943040401e-16,0.502104384201128,1.0
10-90%,4326,4341,0.8000000000000002,0.5000000000000001,1.0
10-90%,4315,4349,0.8000000000000003,0.5000000000000001,0.5
10-90%,4351,4352,5.921189464667501e-17,0.09999999999999995,1.0
10-90%,4362,4363,0.39697978939705014,0.701510105301475,1.0
10-90%,4353,4364,0.8,0.5,1.0
10-90%,4380,4381,1.8947806286936006e-16,0.5769696153972885,1.0
10-90%,4373,4379,0.5241424022194038,0.3620712011097019,1.0
10-90%,4349,4369,0.8000000000000003,0.5000000000000001,0.5
10-90%,4369,4386,0.8000000000000003,0.5000000000000001,0.5
10-90%,4398,4399,1.8947806286936006e-16,0.3333374339758006,1.0
10-90%,4386,4388,0.8000000000000003,0.5000000000000001,0.5
10-90%,4411,4414,0.6368140654860145,0.5815929672569929,1.0
10-90%,4388,4421,0.8000000000000003,0.5000000000000001,0.5
10-90%,4423,4426,5.921189464667501e-17,0.09999999999999995,1.0
10-90%,4421,4427,0.8000000000000003,0.5000000000000001,0.5
10-90%,4433,4434,1.8947806286936006e-16,0.9,1.0
10-90%,4441,4442,4.7369515717340015e-17,0.14621751458788662,1.0
10-90%,4440,4445,0.8,0.5,1.0
10-90%,4427,4435,0.8000000000000003,0.5000000000000001,0.5
10-90%,4435,4449,0.8000000000000003,0.5000000000000001,0.5
10-90%,4460,4462,0.4517034158570556,0.6741482920714722,1.0
10-90%,4464,4469,0.8,0.5,1.0
10-90%,4456,4476,0.8000000000000002,0.5000000000000001,1.0
10-90%,4449,4481,0.8000000000000003,0.5000000000000001,0.5
10-90%,4493,4501,0.8,0.5,1.0
10-90%,4505,4514,0.8,0.5,1.0
10-90%,4481,4486,0.8000000000000003,0.5000000000000001,0.5
10-90%,4517,4523,0.793097304739201,0.5034513476303997,1.0
10-90%,4486,4528,0.8000000000000003,0.5000000000000001,0.5
10-90%,4541,4548,0.47696961539728866,0.3384848076986443,1.0
10-90%,4567,4568,2.842170943040401e-16,0.8080143087595576,1.0
10-90%,4565,4570,0.8,0.5,1.0
10-90%,4528,4535,0.8000000000000003,0.5000000000000001,0.5
10-90%,4535,4579,0.8000000000000003,0.5000000000000001,0.5
10-90%,4579,4581,0.8000000000000003,0.5000000000000001,0.5
10-90%,4595,4601,0.230669182273568,0.784665408863216,1.0
10-90%,4581,4590,0.8000000000000003,0.5000000000000001,0.5
10-90%,4605,4612,0.5185850150350435,0.3592925075175216,1.0
10-90%,4590,4614,0.8000000000000003,0.5000000000000001,0.5
10-90%,4614,4626,0.8000000000000003,0.5000000000000001,0.5
10-90%,4630,4631,4.7369515717340015e-17,0.16376285458182702,1.0
10-90%,4626,4628,0.8000000000000003,0.5000000000000001,0.5
10-90%,4628,4637,0.8000000000000003,0.5000000000000001,0.5
10-90%,4637,4639,0.8000000000000003,0.5000000000000001,0.5
10-90%,4653,4655,0.1343449201170853,0.8328275399414575,1.0
10-90%,4639,4661,0.8000000000000003,0.5000000000000001,0.5
10-90%,4661,4664,0.8000000000000003,0.5000000000000001,0.5
10-90%,4692,4696,0.3730377978606334,0.7134811010696832,1.0
10-90%,4697,4698,0.436379781932429,0.6818101090337856,1.0
10-90%,4664,4683,0.8000000000000003,0.5000000000000001,0.5
10-90%,4700,4704,5.921189464667501e-17,0.09999999999999995,1.0
10-90%,4705,4721,0.8,0.5,1.0
10-90%,4727,4729,5.921189464667501e-17,0.09999999999999995,1.0
10-90%,4730,4731,5.921189464667501e-17,0.09999999999999995,1.0
10-90%,4732,4745,0.8,0.5,1.0
10-90%,4750,4756,0.8,0.5,1.0
10-90%,4759,4760,5.921189464667501e-17,0.09999999999999995,1.0
10-90%,4761,4769,0.8,0.5,1.0
10-90%,4771,4793,0.6803960944262942,0.440198047213147,1.0
10-90%,4806,4809,0.8,0.5,1.0
10-90%,4683,4801,0.8000000000000003,0.5000000000000001,0.5
10-90%,4816,4817,0.27938045985612614,0.7603097700719369,1.0
10-90%,4821,4829,0.8,0.5,1.0
10-90%,4801,4815,0.8000000000000003,0.5000000000000001,0.5
10-90%,4831,4840,0.693380060842007,0.4466900304210034,1.0
10-90%,4852,4859,0.8,0.5,1.0
10-90%,4846,4864,0.8,0.5,1.0
10-90%,4868,4871,5.921189464667501e-17,0.09999999999999995,1.0
10-90%,4872,4875,5.921189464667501e-17,0.09999999999999995,1.0
10-90%,4815,4880,0.8000000000000003,0.5000000000000001,0.5
10-90%,4893,4894,0.15284456241077257,0.4522798789859825,1.0
10-90%,4880,4891,0.8000000000000003,0.5000000000000001,0.5
10-90%,4891,4895,0.8000000000000003,0.5000000000000001,0.5
10-90%,4895,4914,0.8000000000000003,0.5000000000000001,0.5
10-90%,4919,4923,0.34664882328825813,0.2733244116441291,1.0
10-90%,4926,4929,0.8,0.5,1.0
10-90%,4914,4917,0.8000000000000003,0.5000000000000001,0.5
10-90%,4942,4946,0.3659632675458739,0.28298163377293695,1.0
10-90%,4947,4948,0.47696961539728866,0.3384848076986443,1.0
10-90%,4917,4938,0.8000000000000003,0.5000000000000001,0.5
10-90%,4938,4957,0.8000000000000003,0.5000000000000001,0.5
10-90%,4984,4986,0.47696961539728866,0.6615151923013557,1.0
10-90%,4990,4993,0.21850878675273197,0.5801935549215874,1.0
10-90%,5000,5001,3.789561257387201e-16,0.6494190689369778,1.0
10-90%,4996,4997,0.5241424022194038,0.6379287988902981,1.0
10-90%,4959,4989,0.6875216670993354,0.5562391664503324,1.0
10-90%,4957,5009,0.8000000000000003,0.5000000000000001,0.5
10-90%,5012,5021,0.19917842331032512,0.19958921165516247,1.0
10-90%,5035,5058,0.7035735812158481,0.4517867906079239,1.0
10-90%,5009,5061,0.8000000000000003,0.5000000000000001,0.5
10-90%,5061,5083,0.8000000000000003,0.5000000000000001,0.5
10-90%,5083,5085,0.8000000000000003,0.5000000000000001,0.5
10-90%,5085,5093,0.8000000000000003,0.5000000000000001,0.5
10-90%,5093,5098,0.8000000000000003,0.5000000000000001,0.5
10-90%,5098,5106,0.8000000000000003,0.5000000000000001,0.5
10-90%,5123,5125,0.039956418845243036,0.443008594025333,1.0
10-90%,5117,5122,0.6059465036347911,0.4029732518173955,1.0
10-90%,5106,5108,0.8000000000000003,0.5000000000000001,0.5
10-90%,5139,5142,0.13974832748292712,0.4572753657344804,1.0
10-90%,5108,5126,0.8000000000000003,0.5000000000000001,0.5
10-90%,5148,5149,1.8947806286936006e-16,0.4230303846027114,1.0
10-90%,5126,5146,0.8000000000000003,0.5000000000000001,0.5
10-90%,5157,5164,0.7668025816339462,0.48340129081697314,1.0
10-90%,5169,5177,0.8,0.5,1.0
10-90%,5146,5154,0.8000000000000003,0.5000000000000001,0.5
10-90%,5182,5183,1.4210854715202004e-16,0.24758311314528175,1.0
10-90%,5154,5180,0.8000000000000003,0.5000000000000001,0.5
10-90%,5180,5189,0.8000000000000003,0.5000000000000001,0.5
10-90%,5189,5192,0.8000000000000003,0.5000000000000001,0.5
10-90%,5207,5212,0.4650008677665908,0.6555308184860068,1.0
10-90%,5205,5213,0.8,0.5,1.0
10-90%,5192,5202,0.8000000000000003,0.5000000000000001,0.5
10-90%,5202,5219,0.8000000000000003,0.5000000000000001,0.5
10-90%,5219,5226,0.8000000000000003,0.5000000000000001,0.5
10-90%,5228,5234,5.921189464667501e-17,0.09999999999999995,1.0
10-90%,5226,5237,0.8000000000000003,0.5000000000000001,0.5
10-90%,5261,5264,0.4120452776010316,0.6592240419061204,1.0
10-90%,5253,5273,0.5241424022194038,0.6379287988902981,1.0
10-90%,5237,5250,0.8000000000000003,0.5000000000000001,0.5
10-90%,5298,5299,2.842170943040401e-16,0.682167293728649,1.0
10-90%,5345,5347,0.12288263093423059,0.8385586845328847,1.0
10-90%,5250,5275,0.8000000000000003,0.5000000000000001,0.5
10-90%,5373,5392,0.5340500455343525,0.3670250227671763,1.0
10-90%,5275,5358,0.8000000000000003,0.5000000000000001,0.5
10-90%,5396,5402,5.921189464667501e-17,0.09999999999999995,1.0
10-90%,5358,5404,0.8000000000000003,0.5000000000000001,0.5
10-90%,5404,5418,0.8000000000000003,0.5000000000000001,0.5
10-90%,5418,5420,0.8000000000000003,0.5000000000000001,0.5
10-90%,5430,5432,0.5347399102124437,0.6326300448937784,1.0
10-90%,5420,5442,0.8000000000000003,0.5000000000000001,0.5
10-90%,5442,5444,0.8000000000000003,0.5000000000000001,0.5
10-90%,5457,5465,0.6240440225144226,0.5879779887427887,1.0
10-90%,5478,5481,4.736951571734001e-16,0.7340509261755902,1.0
10-90%,5453,5468,0.7350891746504593,0.5324554126747705,1.0
10-90%,5444,5489,0.8000000000000003,0.5000000000000001,0.5
10-90%,5501,5506,0.022047063973339883,0.8103953538644266,1.0
10-90%,5489,5491,0.8000000000000003,0.5000000000000001,0.5
10-90%,5491,5513,0.8000000000000003,0.5000000000000001,0.5
10-90%,5515,5526,0.29356341673554937,0.24678170836777458,1.0
10-90%,5530,5536,0.02277951324341514,0.11138975662170748,1.0
10-90%,5540,5541,5.921189464667501e-17,0.09999999999999995,1.0
10-90%,5552,5553,9.473903143468003e-17,0.2835358171611852,1.0
10-90%,5513,5542,0.8000000000000003,0.5000000000000001,0.5
10-90%,5542,5562,0.8000000000000003,0.5000000000000001,0.5
10-90%,5564,5572,0.5098712965688572,0.35493564828442853,1.0
10-90%,5562,5573,0.8000000000000003,0.5000000000000001,0.5
10-90%,5589,5609,0.15941253546535905,0.8202937322673205,1.0
10-90%,5573,5586,0.8000000000000003,0.5000000000000001,0.5
10-90%,5611,5613,5.921189464667501e-17,0.09999999999999995,1.0
10-90%,5586,5614,0.8000000000000003,0.5000000000000001,0.5
10-90%,5614,5621,0.8000000000000003,0.5000000000000001,0.5
10-90%,5621,5624,0.8000000000000003,0.5000000000000001,0.5
10-90%,5624,5633,0.8000000000000003,0.5000000000000001,0.5
10-90%,5635,5639,5.921189464667501e-17,0.09999999999999995,1.0
10-90%,5633,5640,0.8000000000000003,0.5000000000000001,0.5
10-90%,5645,5650,0.8000000000000002,0.5000000000000001,1.0
10-90%,5640,5657,0.8000000000000003,0.5000000000000001,0.5
10-90%,5659,5669,0.8,0.5,1.0
10-90%,5657,5671,0.8000000000000003,0.5000000000000001,0.5
10-90%,5671,5681,0.8000000000000003,0.5000000000000001,0.5
10-90%,5681,5683,0.8000000000000003,0.5000000000000001,0.5
10-90%,5683,5694,0.8000000000000003,0.5000000000000001,0.5
10-90%,5699,5703,0.11953578605287532,0.15976789302643757,1.0
10-90%,5694,5708,0.8000000000000003,0.5000000000000001,0.5
10-90%,5708,5718,0.8000000000000003,0.5000000000000001,0.5
10-90%,5718,5720,0.8000000000000003,0.5000000000000001,0.5
10-90%,5720,5729,0.8000000000000003,0.5000000000000001,0.5
10-90%,5732,5733,5.921189464667501e-17,0.09999999999999995,1.0
10-90%,5734,5740,0.15372671015570621,0.176863355077853,1.0
10-90%,5743,5753,0.8,0.5,1.0
10-90%,5755,5757,5.921189464667501e-17,0.09999999999999995,1.0
10-90%,5765,5769,0.8,0.5,1.0
10-90%,5729,5758,0.8000000000000003,0.5000000000000001,0.5
10-90%,5758,5777,0.8000000000000003,0.5000000000000001,0.5
10-90%,5777,5779,0.8000000000000003,0.5000000000000001,0.5
10-90%,5790,5792,0.048209386286546495,0.8758953068567269,1.0
10-90%,5779,5800,0.8000000000000003,0.5000000000000001,0.5
10-90%,5802,5813,0.8,0.5,1.0
10-90%,5827,5849,0.4466298111753041,0.40082749663175166,1.0
10-90%,5815,5824,0.7265377022668864,0.4632688511334431,1.0
10-90%,5863,5873,0.44738602178221726,0.4004493913282951,1.0
10-90%,5850,5860,0.7485333762686431,0.47426668813432155,1.0
10-90%,5879,5882,0.401924855821298,0.6981373875415191,1.0
10-90%,5800,5874,0.8000000000000003,0.5000000000000001,0.5
10-90%,5884,5885,1.8947806286936006e-16,0.9,1.0
10-90%,5890,5897,0.8,0.5,1.0
10-90%,5904,5909,0.5241424022194037,0.36207120110970187,1.0
10-90%,5874,5886,0.8000000000000003,0.5000000000000001,0.5
10-90%,5886,5910,0.8000000000000003,0.5000000000000001,0.5
10-90%,5910,5921,0.8000000000000003,0.5000000000000001,0.5
10-90%,5923,5933,0.8,0.5,1.0
10-90%,5944,5949,0.8,0.5,1.0
10-90%,5921,5935,0.8000000000000003,0.5000000000000001,0.5
10-90%,5952,5962,0.8000000000000002,0.5000000000000001,1.0
10-90%,5935,5968,0.8000000000000003,0.5000000000000001,0.5
10-90%,5968,5971,0.8000000000000003,0.5000000000000001,0.5
10-90%,5971,5981,0.8000000000000003,0.5000000000000001,0.5
10-90%,5981,5983,0.8000000000000003,0.5000000000000001,0.5
10-90%,5983,5993,0.8000000000000003,0.5000000000000001,0.5
10-90%,5995,5997,5.921189464667501e-17,0.09999999999999995,1.0
10-90%,5993,5998,0.8000000000000003,0.5000000000000001,0.5
10-90%,5998,6005,0.8000000000000003,0.5000000000000001,0.5
10-90%,6008,6009,5.921189464667501e-17,0.09999999999999995,1.0
10-90%,6005,6010,0.8000000000000003,0.5000000000000001,0.5
10-90%,6010,6016,0.8000000000000003,0.5000000000000001,0.5
10-90%,6016,6022,0.8000000000000003,0.5000000000000001,0.5
10-90%,6030,6031,0.20701057465799078,0.7964947126710048,1.0
10-90%,6022,6041,0.8000000000000003,0.5000000000000001,0.5
10-90%,6041,6046,0.8000000000000003,0.5000000000000001,0.5
10-90%,6055,6058,0.26950302382547503,0.7652484880872628,1.0
10-90%,6068,6089,0.48463986121077124,0.6576800693946144,1.0
10-90%,6046,6065,0.8000000000000003,0.5000000000000001,0.5
10-90%,6091,6101,0.14436265726226713,0.17218132863113347,1.0
10-90%,6065,6103,0.8000000000000003,0.5000000000000001,0.5
10-90%,6119,6120,1.8947806286936006e-16,0.5769696153972885,1.0
10-90%,6112,6118,0.8000000000000002,0.5000000000000001,1.0
10-90%,6103,6123,0.8000000000000003,0.5000000000000001,0.5
10-90%,6123,6129,0.8000000000000003,0.5000000000000001,0.5
10-90%,6129,6150,0.8000000000000003,0.5000000000000001,0.5
10-90%,6154,6158,0.7956059115179707,0.4978029557589853,1.0
10-90%,6166,6192,0.25799032814208306,0.22899516407104153,1.0
10-90%,6197,6201,0.8,0.5,1.0
10-90%,6217,6218,0.3986330611073156,0.37765308484363086,1.0
10-90%,6209,6216,0.8,0.5,1.0
10-90%,6150,6163,0.8000000000000003,0.5000000000000001,0.5
10-90%,6163,6221,0.8000000000000003,0.5000000000000001,0.5
10-90%,6230,6240,0.6852178611178394,0.44260893055891976,1.0
10-90%,6247,6248,1.4210854715202004e-16,0.3909042860360886,1.0
10-90%,6224,6246,0.8,0.5,1.0
10-90%,6257,6262,0.8,0.5,1.0
10-90%,6221,6250,0.8000000000000003,0.5000000000000001,0.5
10-90%,6270,6271,0.23963906910629315,0.7801804654468536,1.0
10-90%,6281,6283,0.8000000000000002,0.5000000000000001,1.0
10-90%,6296,6305,0.05483891439464126,0.8725805428026793,1.0
10-90%,6317,6323,0.05480004980324357,0.489117087265279,1.0
10-90%,6307,6329,0.2482848044388075,0.5,1.0
10-90%,6250,6294,0.8000000000000003,0.5000000000000001,0.5
10-90%,6341,6344,0.6080526356910031,0.4040263178455015,1.0
10-90%,6294,6330,0.8000000000000003,0.5000000000000001,0.5
10-90%,6353,6360,0.8000000000000002,0.5000000000000001,1.0
10-90%,6365,6370,0.8000000000000002,0.5000000000000001,1.0
10-90%,6330,6376,0.8000000000000003,0.5000000000000001,0.5
10-90%,6378,6399,0.6244123528970209,0.4122061764485104,1.0
10-90%,6376,6402,0.8000000000000003,0.5000000000000001,0.5
10-90%,6402,6425,0.8000000000000003,0.5000000000000001,0.5
10-90%,6436,6442,0.8,0.5,1.0
10-90%,6425,6427,0.8000000000000003,0.5000000000000001,0.5
10-90%,6449,6452,0.8000000000000002,0.5000000000000001,1.0
10-90%,6464,6473,0.3505588671151447,0.5511370313381686,1.0
10-90%,6462,6474,0.6822621874329559,0.5588689062835223,1.0
10-90%,6487,6496,0.0846389673003382,0.8576805163498309,1.0
10-90%,6427,6486,0.8000000000000003,0.5000000000000001,0.5
10-90%,6509,6514,0.8,0.5,1.0
10-90%,6520,6527,0.8,0.5,1.0
10-90%,6539,6544,0.7740923524898164,0.4870461762449082,1.0
10-90%,6533,6555,0.8,0.5,1.0
10-90%,6560,6564,0.8,0.5,1.0
10-90%,6486,6498,0.8000000000000003,0.5000000000000001,0.5
10-90%,6569,6576,0.8000000000000002,0.5000000000000001,1.0
10-90%,6590,6598,0.608287119064719,0.5958564404676405,1.0
10-90%,6586,6605,0.8,0.5,1.0
10-90%,6611,6612,0.1539392307945773,0.5,1.0
10-90%,6610,6616,0.8,0.5,1.0
10-90%,6498,6580,0.8000000000000003,0.5000000000000001,0.5
10-90%,6636,6637,0.00017264283570464538,0.1000863214178523,1.0
10-90%,6646,6647,0.008896802544072102,0.10444840127203603,1.0
10-90%,6618,6629,0.8,0.5,1.0
10-90%,6669,6673,0.32259571612124927,0.2612978580606246,1.0
10-90%,6580,6650,0.8000000000000003,0.5000000000000001,0.5
10-90%,6736,6737,0.19697361040213412,0.8015131947989329,1.0
10-90%,6722,6732,0.8000000000000002,0.5000000000000001,1.0
10-90%,6743,6744,1.8947806286936006e-16,0.9,1.0
10-90%,6756,6757,9.473903143468003e-17,0.5355209444930247,1.0
10-90%,6747,6755,0.8000000000000002,0.5000000000000001,1.0
10-90%,6766,6768,1.8947806286936006e-16,0.5769696153972885,1.0
10-90%,6765,6773,0.8,0.5,1.0
10-90%,6779,6784,0.8,0.5,1.0
10-90%,6760,6792,0.8000000000000002,0.5000000000000001,1.0
10-90%,6802,6808,0.8,0.5,1.0
10-90%,6814,6821,0.8,0.5,1.0
10-90%,6829,6830,5.684341886080802e-16,0.8634049882543086,1.0
10-90%,6826,6832,0.8,0.5,1.0
10-90%,6794,6840,0.8000000000000002,0.5000000000000001,1.0
10-90%,6846,6850,0.76629247935277,0.5168537603236152,1.0
10-90%,6862,6869,0.006282676530003642,0.8968586617349983,1.0
10-90%,6650,6857,0.8000000000000003,0.5000000000000001,0.5
10-90%,6857,6871,0.8000000000000003,0.5000000000000001,0.5
10-90%,6871,6880,0.8000000000000003,0.5000000000000001,0.5
10-90%,6882,6883,5.921189464667501e-17,0.09999999999999995,1.0
10-90%,6884,6894,0.8,0.5,1.0
10-90%,6896,6902,0.7519761334406474,0.47598806672032357,1.0
10-90%,6916,6917,2.3684757858670008e-17,0.10659818268617169,1.0
10-90%,6914,6923,0.6290902427149774,0.41454512135748867,1.0
10-90%,6931,6935,0.6101589515623386,0.5949205242188307,1.0
10-90%,6880,6909,0.8000000000000003,0.5000000000000001,0.5
10-90%,6909,6942,0.8000000000000003,0.5000000000000001,0.5
10-90%,6959,6963,0.1497142401524933,0.1748571200762466,1.0
10-90%,6971,6972,0.1539392307945773,0.5,1.0
10-90%,6951,6970,0.8,0.5,1.0
10-90%,6942,6945,0.8000000000000003,0.5000000000000001,0.5
10-90%,6981,6989,0.8,0.5,1.0
10-90%,6991,7000,0.09274791382397313,0.14637395691198654,1.0
10-90%,6945,6976,0.8000000000000003,0.5000000000000001,0.5
10-90%,7001,7003,5.921189464667501e-17,0.09999999999999995,1.0
10-90%,7004,7013,0.8,0.5,1.0
10-90%,7016,7022,0.20281126164569324,0.20140563082284652,1.0
10-90%,7027,7029,5.921189464667501e-17,0.09999999999999995,1.0
10-90%,6976,7030,0.8000000000000003,0.5000000000000001,0.5
10-90%,7038,7042,0.5572244257815528,0.6213877871092237,1.0
10-90%,7053,7072,0.8,0.5,1.0
10-90%,7030,7048,0.8000000000000003,0.5000000000000001,0.5
10-90%,7048,7074,0.8000000000000003,0.5000000000000001,0.5
10-90%,7088,7097,0.42924854865558076,0.4095181278916134,1.0
10-90%,7086,7105,0.8000000000000002,0.5000000000000001,1.0
10-90%,7074,7110,0.8000000000000003,0.5000000000000001,0.5
10-90%,7116,7126,0.03919948619776103,0.1195997430988805,1.0
10-90%,7110,7112,0.8000000000000003,0.5000000000000001,0.5
10-90%,7139,7144,0.8,0.5,1.0
10-90%,7150,7157,0.8,0.5,1.0
10-90%,7112,7134,0.8000000000000003,0.5000000000000001,0.5
10-90%,7167,7168,2.842170943040401e-16,0.8416325912615392,1.0
10-90%,7166,7173,0.8,0.5,1.0
10-90%,7134,7159,0.8000000000000003,0.5000000000000001,0.5
10-90%,7186,7191,0.8,0.5,1.0
10-90%,7159,7177,0.8000000000000003,0.5000000000000001,0.5
10-90%,7200,7201,1.8947806286936006e-16,0.5769696153972885,1.0
10-90%,7193,7205,0.8,0.5,1.0
10-90%,7177,7208,0.8000000000000003,0.5000000000000001,0.5
10-90%,7222,7227,1.8947806286936006e-16,0.5769696153972885,1.0
10-90%,7221,7229,0.8,0.5,1.0
10-90%,7208,7216,0.8000000000000003,0.5000000000000001,0.5
10-90%,7240,7245,0.8,0.5,1.0
10-90%,7216,7232,0.8000000000000003,0.5000000000000001,0.5
10-90%,7232,7254,0.8000000000000003,0.5000000000000001,0.5
10-90%,7254,7256,0.8000000000000003,0.5000000000000001,0.5
10-90%,7271,7272,4.7369515717340015e-17,0.17093274259558403,1.0
10-90%,7270,7278,0.8,0.5,1.0
10-90%,7256,7265,0.8000000000000003,0.5000000000000001,0.5
10-90%,7265,7280,0.8000000000000003,0.5000000000000001,0.5
10-90%,7280,7288,0.8000000000000003,0.5000000000000001,0.5
10-90%,7301,7321,0.04917951165380617,0.12458975582690304,1.0
10-90%,7325,7330,0.23670888657873443,0.7816455567106328,1.0
10-90%,7288,7290,0.8000000000000003,0.5000000000000001,0.5
10-90%,7368,7369,2.842170943040401e-16,0.7913061013630397,1.0
10-90%,7362,7367,0.5856635140342489,0.6071682429828755,1.0
10-90%,7345,7374,0.8,0.5,1.0
10-90%,7290,7336,0.8000000000000003,0.5000000000000001,0.5
10-90%,7392,7394,0.47696961539728866,0.3384848076986443,1.0
10-90%,7336,7378,0.8000000000000003,0.5000000000000001,0.5
10-90%,7378,7399,0.8000000000000003,0.5000000000000001,0.5
10-90%,7399,7401,0.8000000000000003,0.5000000000000001,0.5
10-90%,7401,7408,0.8000000000000003,0.5000000000000001,0.5
10-90%,7408,7412,0.8000000000000003,0.5000000000000001,0.5
10-90%,7429,7432,0.05652419597466559,0.1282620979873328,1.0
10-90%,7448,7450,0.00013990482413021255,0.8999300475879348,1.0
10-90%,7439,7456,0.8,0.5,1.0
10-90%,7412,7419,0.8000000000000003,0.5000000000000001,0.5
10-90%,7468,7489,0.8,0.5,1.0
10-90%,7419,7461,0.8000000000000003,0.5000000000000001,0.5
10-90%,7491,7497,1.8947806286936006e-16,0.9,1.0
10-90%,7513,7518,0.8,0.5,1.0
10-90%,7499,7538,0.8000000000000002,0.5000000000000001,1.0
10-90%,7566,7569,0.7885440340574055,0.5057279829712975,1.0
10-90%,7461,7575,0.8000000000000003,0.5000000000000001,0.5
10-90%,7591,7592,2.3684757858670006e-16,0.3888563174966139,1.0
10-90%,7600,7610,0.8,0.5,1.0
10-90%,7614,7617,0.8,0.5,1.0
10-90%,7575,7583,0.8000000000000003,0.5000000000000001,0.5
10-90%,7628,7629,0.47696961539728866,0.3384848076986443,1.0
10-90%,7583,7624,0.8000000000000003,0.5000000000000001,0.5
10-90%,7638,7639,0.2482848044388076,0.5,1.0
10-90%,7630,7637,0.8,0.5,1.0
10-90%,7648,7682,0.041458842671964174,0.12072942133598207,1.0
10-90%,7624,7641,0.8000000000000003,0.5000000000000001,0.5
10-90%,7684,7715,1.8947806286936006e-16,0.9,1.0
10-90%,7716,7718,1.8947806286936006e-16,0.9,1.0
10-90%,7719,7723,0.7223989185517635,0.5388005407241184,1.0
10-90%,7728,7729,1.8947806286936006e-16,0.9,1.0
10-90%,7730,7735,1.8947806286936006e-16,0.9,1.0
10-90%,7737,7744,0.5241424022194036,0.6379287988902982,1.0
10-90%,7641,7736,0.8000000000000003,0.5000000000000001,0.5
10-90%,7746,7750,5.921189464667501e-17,0.09999999999999995,1.0
10-90%,7751,7752,5.921189464667501e-17,0.09999999999999995,1.0
10-90%,7736,7753,0.8000000000000003,0.5000000000000001,0.5
10-90%,7764,7771,0.5404842307405144,0.629757884629743,1.0
10-90%,7785,7786,1.8947806286936006e-16,0.9,1.0
10-90%,7753,7791,0.8000000000000003,0.5000000000000001,0.5
10-90%,7793,7806,0.8,0.5,1.0
10-90%,7791,7817,0.8000000000000003,0.5000000000000001,0.5
10-90%,7836,7837,1.8947806286936006e-16,0.9,1.0
10-90%,7817,7838,0.8000000000000003,0.5000000000000001,0.5
10-90%,7841,7844,5.921189464667501e-17,0.09999999999999995,1.0
10-90%,7847,7848,0.0869974600685424,0.5334708853630175,1.0
10-90%,7838,7845,0.8000000000000003,0.5000000000000001,0.5
10-90%,7855,7860,0.4847261546552223,0.657636922672389,1.0
10-90%,7845,7863,0.8000000000000003,0.5000000000000001,0.5
10-90%,7865,7870,5.921189464667501e-17,0.09999999999999995,1.0
10-90%,7878,7883,0.47696961539728866,0.6615151923013557,1.0
10-90%,7863,7872,0.8000000000000003,0.5000000000000001,0.5
10-90%,7872,7888,0.8000000000000003,0.5000000000000001,0.5
10-90%,7890,7892,5.921189464667501e-17,0.09999999999999995,1.0
10-90%,7888,7893,0.8000000000000003,0.5000000000000001,0.5
10-90%,7904,7906,0.3858674302162325,0.707066284891884,1.0
10-90%,7912,7922,0.8000000000000002,0.5000000000000001,1.0
10-90%,7932,7935,1.8947806286936006e-16,0.9,1.0
10-90%,7893,7936,0.8000000000000003,0.5000000000000001,0.5
10-90%,7938,7940,5.921189464667501e-17,0.09999999999999995,1.0
10-90%,7941,7942,5.921189464667501e-17,0.09999999999999995,1.0
10-90%,7945,7954,0.8,0.5,1.0
10-90%,7936,7964,0.8000000000000003,0.5000000000000001,0.5
10-90%,7968,7969,1.8947806286936006e-16,0.9,1.0
10-90%,7970,7975,1.8947806286936006e-16,0.9,1.0
10-90%,7979,7981,1.8947806286936006e-16,0.9,1.0
10-90%,7964,7984,0.8000000000000003,0.5000000000000001,0.5
10-90%,7984,7986,0.8000000000000003,0.5000000000000001,0.5
10-90%,8000,8001,1.8947806286936006e-16,0.9,1.0
10-90%,8003,8005,1.8947806286936006e-16,0.9,1.0
10-90%,7986,8008,0.8000000000000003,0.5000000000000001,0.5
10-90%,8015,8018,9.473903143468003e-17,0.3277454734971445,1.0
10-90%,8008,8010,0.8000000000000003,0.5000000000000001,0.5
10-90%,8010,8032,0.8000000000000003,0.5000000000000001,0.5
10-90%,8035,8038,5.921189464667501e-17,0.09999999999999995,1.0
10-90%,8032,8039,0.8000000000000003,0.5000000000000001,0.5
10-90%,8039,8047,0.8000000000000003,0.5000000000000001,0.5
10-90%,8051,8056,0.7817688804923555,0.49088444024617767,1.0
10-90%,8058,8060,0.39587373754488625,0.297936868772443,1.0
10-90%,8047,8061,0.8000000000000003,0.5000000000000001,0.5
10-90%,8061,8079,0.8000000000000003,0.5000000000000001,0.5
10-90%,8082,8088,5.921189464667501e-17,0.09999999999999995,1.0
10-90%,8079,8089,0.8000000000000003,0.5000000000000001,0.5
10-90%,8093,8097,1.8947806286936006e-16,0.9,1.0
10-90%,8089,8103,0.8000000000000003,0.5000000000000001,0.5
10-90%,8106,8107,5.921189464667501e-17,0.09999999999999995,1.0
10-90%,8103,8108,0.8000000000000003,0.5000000000000001,0.5
10-90%,8119,8122,1.8947806286936006e-16,0.9,1.0
10-90%,8124,8126,1.8947806286936006e-16,0.9,1.0
10-90%,8108,8128,0.8000000000000003,0.5000000000000001,0.5
10-90%,8128,8130,0.8000000000000003,0.5000000000000001,0.5
10-90%,8130,8151,0.8000000000000003,0.5000000000000001,0.5
10-90%,8151,8153,0.8000000000000003,0.5000000000000001,0.5
10-90%,8165,8166,1.8947806286936006e-16,0.9,1.0
10-90%,8153,8167,0.8000000000000003,0.5000000000000001,0.5
10-90%,8167,8169,0.8000000000000003,0.5000000000000001,0.5
10-90%,8175,8176,0.15193001339969422,0.8240349933001531,1.0
10-90%,8169,8199,0.8000000000000003,0.5000000000000001,0.5
10-90%,8199,8203,0.8000000000000003,0.5000000000000001,0.5
10-90%,8203,8218,0.8000000000000003,0.5000000000000001,0.5
10-90%,8218,8226,0.8000000000000003,0.5000000000000001,0.5
10-90%,8241,8243,0.20887911401900008,0.7955604429905001,1.0
10-90%,8226,8248,0.8000000000000003,0.5000000000000001,0.5
10-90%,8250,8254,5.921189464667501e-17,0.09999999999999995,1.0
10-90%,8261,8262,2.842170943040401e-16,0.7574020408424529,1.0
10-90%,8248,8256,0.8000000000000003,0.5000000000000001,0.5
10-90%,8256,8268,0.8000000000000003,0.5000000000000001,0.5
10-90%,8268,8275,0.8000000000000003,0.5000000000000001,0.5
10-90%,8287,8291,0.2230013036784473,0.7884993481607766,1.0
10-90%,8311,8313,0.5241424022194038,0.6379287988902981,1.0
10-90%,8296,8302,0.8000000000000002,0.5000000000000001,1.0
10-90%,8320,8328,0.8000000000000002,0.5000000000000001,1.0
10-90%,8339,8344,0.04798086042804556,0.6001519720053808,1.0
10-90%,8275,8336,0.8000000000000003,0.5000000000000001,0.5
10-90%,8359,8363,0.09499739507508859,0.8525013024624557,1.0
10-90%,8336,8346,0.8000000000000003,0.5000000000000001,0.5
10-90%,8371,8383,0.03431145665403676,0.8828442716729815,1.0
10-90%,8346,8368,0.8000000000000003,0.5000000000000001,0.5
10-90%,8386,8390,5.921189464667501e-17,0.09999999999999995,1.0
10-90%,8394,8398,5.921189464667501e-17,0.09999999999999995,1.0
10-90%,8399,8404,5.921189464667501e-17,0.09999999999999995,1.0
10-90%,8432,8435,0.3279996322987517,0.7360001838506242,1.0
10-90%,8368,8407,0.8000000000000003,0.5000000000000001,0.5
10-90%,8407,8438,0.8000000000000003,0.5000000000000001,0.5
10-90%,8444,8450,0.004932124629721303,0.10246606231486062,1.0
10-90%,8452,8474,0.7820842393065963,0.5089578803467019,1.0
10-90%,8441,8489,0.8,0.5,1.0
10-90%,8438,8493,0.8000000000000003,0.5000000000000001,0.5
10-90%,8493,8503,0.8000000000000003,0.5000000000000001,0.5
10-90%,8506,8508,5.921189464667501e-17,0.09999999999999995,1.0
10-90%,8509,8511,5.921189464667501e-17,0.09999999999999995,1.0
10-90%,8514,8519,0.4238979235553019,0.31194896177765086,1.0
10-90%,8527,8529,4.736951571734001e-16,0.5333283974037084,1.0
10-90%,8521,8526,0.8,0.5,1.0
10-90%,8503,8538,0.8000000000000003,0.5000000000000001,0.5
10-90%,8538,8556,0.8000000000000003,0.5000000000000001,0.5
10-90%,8556,8561,0.8000000000000003,0.5000000000000001,0.5
10-90%,8577,8579,0.17861375321998632,0.810693123390007,1.0
10-90%,8561,8583,0.8000000000000003,0.5000000000000001,0.5
10-90%,8585,8590,5.921189464667501e-17,0.09999999999999995,1.0
10-90%,8599,8604,0.6491430338353542,0.575428483082323,1.0
10-90%,8583,8592,0.8000000000000003,0.5000000000000001,0.5
10-90%,8592,8608,0.8000000000000003,0.5000000000000001,0.5
10-90%,8617,8625,0.8,0.5,1.0
10-90%,8633,8641,0.10989820911098432,0.15494910455549213,1.0
10-90%,8608,8627,0.8000000000000003,0.5000000000000001,0.5
10-90%,8649,8655,1.8947806286936006e-16,0.9,1.0
10-90%,8627,8656,0.8000000000000003,0.5000000000000001,0.5
10-90%,8656,8659,0.8000000000000003,0.5000000000000001,0.5
10-90%,8677,8679,1.8947806286936006e-16,0.9,1.0
10-90%,8680,8687,0.8000000000000002,0.5000000000000001,1.0
10-90%,8659,8719,0.8000000000000003,0.5000000000000001,0.5
10-90%,8750,8751,0.10497203021799928,0.8475139848910004,1.0
10-90%,8719,8722,0.8000000000000003,0.5000000000000001,0.5
10-90%,8722,8752,0.8,0.5,0.5
10-90%,8752,8756,0.8,0.5,0.5
10-90%,8756,8759,0.02432561436838415,0.11216280718419204,0.5
