hour,price_eur_mwh,wind_mw,storage_p_mw_10_90,soc_10_90,storage_p_mw_20_80,soc_20_80,storage_p_mw_0_100,soc_0_100,storage_p_mw_20_100,soc_20_100,storage_p_mw_0_80,soc_0_80
0,145.36,324.3907681384494,0.6092318615505974,0.8475634632964159,0.6092318615505974,0.7475634632964159,0.6092318615505974,0.9475634632964158,0.6092318615505974,0.9475634632964158,0.6092318615505974,0.7475634632964163
1,129.75,325.0,-17.160012908037913,0.8454346349536043,-17.160012908037913,0.7454346349536043,-17.160012908037913,0.9454346349536044,-17.160012908037913,0.9454346349536044,-17.160012908037764,0.7454346349536048
2,150.37,285.8573330675587,0.0,0.9,0.0,0.8,0.0,1.0,0.0,1.0,0.0,0.8
3,153.85,249.75686231086212,0.0,0.9000000000000002,-1.0845033452762633e-13,0.8,0.0,1.0,0.0,1.0,0.0,0.8
4,161.43,233.65109437902228,10.517678916341483,0.9000000000000002,0.0,0.8000000000000004,67.75403276401602,1.0,10.517678916341428,1.0,10.517678916341374,0.8
5,166.44,227.173106947393,97.826893052607,0.8632482567134429,51.10821812127391,0.8000000000000004,97.826893052607,0.7632482567134431,97.826893052607,0.9632482567134428,97.826893052607,0.7632482567134431
6,182.4,204.39915657824983,120.60084342175017,0.5214134385384154,120.60084342175017,0.6214134385384152,120.60084342175017,0.42141343853841545,120.60084342175017,0.6214134385384152,120.60084342175017,0.42141343853841545
7,160.0,199.26118760434008,0.0,0.09999999999999992,0.0,0.19999999999999984,0.0,0.0,0.0,0.19999999999999984,0.0,0.0
8,119.94,223.76656735167919,0.0,0.09999999999999998,0.0,0.19999999999999996,0.0,0.0,0.0,0.19999999999999996,0.0,0.0
9,76.24,249.70710281797423,0.0,0.09999999999999998,0.0,0.19999999999999996,0.0,0.0,0.0,0.19999999999999996,0.0,0.0
10,76.46,210.7150745314241,0.0,0.09999999999999992,0.0,0.19999999999999984,0.0,0.0,0.0,0.19999999999999984,0.0,0.0
11,20.11,246.75872828762465,-101.58835306531381,0.09999999999999998,-38.69126479898538,0.19999999999999996,-150.0,0.0,-101.58835306531383,0.19999999999999996,-101.58835306531381,0.0
12,6.28,253.85553375113264,-150.0,0.42303038460271136,-150.0,0.32303038460271133,-150.0,0.47696961539728866,-150.0,0.5230303846027113,-150.0,0.32303038460271133
13,45.58,251.83146240595377,0.0,0.9,0.0,0.8,-14.485441331642273,0.9539392307945773,0.0,1.0,0.0,0.8
14,72.89,209.16860064904319,0.0,0.9,0.0,0.8,0.0,1.0,0.0,1.0,0.0,0.8
15,162.02,176.6207846442344,0.0,0.9,0.0,0.8,0.0,1.0,0.0,1.0,0.0,0.8
16,206.38,129.17112230213903,0.0,0.9,0.0,0.8,0.0,1.0,0.0,1.0,0.0,0.8
17,225.0,84.82670337217183,0.0,0.9,-1.0845033452762633e-13,0.8,0.0,1.0,0.0,1.0,0.0,0.8
18,240.04,58.06693639222838,78.94541539069863,0.9000000000000002,21.709061543024077,0.8000000000000004,136.1817692383732,1.0,78.94541539069861,1.0,78.94541539069856,0.8
19,241.87,47.40002825627764,150.0,0.6241424022194036,150.0,0.7241424022194036,150.0,0.5241424022194038,150.0,0.7241424022194036,150.0,0.5241424022194038
20,239.0,43.71733052893865,0.0,0.09999999999999992,0.0,0.19999999999999984,0.0,0.0,0.0,0.19999999999999984,0.0,0.0
21,224.15,49.60780358108155,0.0,0.09999999999999992,0.0,0.19999999999999984,0.0,0.0,0.0,0.19999999999999984,0.0,0.0
22,214.91,58.3477489614334,0.0,0.09999999999999998,0.0,0.19999999999999996,0.0,0.0,0.0,0.19999999999999996,0.0,0.0
23,196.35,52.04677378812179,0.0,0.09999999999999998,0.0,0.19999999999999996,-52.04677378812179,0.0,0.0,0.19999999999999996,0.0,0.0
24,185.43,39.893408386588916,-31.070893898895363,0.09999999999999998,0.0,0.19999999999999996,-39.893408386588916,0.1654981978426009,-31.070893898895353,0.19999999999999996,-31.070893898895473,0.0
25,174.15,28.253520372760338,-28.253520372760338,0.19879914875337387,0.0,0.19999999999999996,-28.253520372760338,0.2923511555428561,-28.253520372760338,0.2987991487533738,-28.253520372760338,0.09879914875337424
26,170.17,25.833138690233685,-25.833138690233685,0.28863962039214025,-25.833138690233685,0.19999999999999996,-25.833138690233685,0.38219162718162253,-25.833138690233685,0.38863962039214023,-25.833138690233685,0.18863962039214063
27,170.25,21.097967437974976,-21.097967437974976,0.3707837685627108,-17.525293443302225,0.2821441481705705,-21.097967437974976,0.46433577535219306,-21.097967437974976,0.4707837685627107,-21.097967437974976,0.27078376856271114
28,162.92,16.08952477415432,-16.08952477415432,0.43787103132641375,-16.08952477415432,0.3378710313264137,-16.08952477415432,0.5314230381158961,-16.08952477415432,0.5378710313264137,-16.08952477415432,0.3378710313264141
29,158.57,16.18770884645691,-16.18770884645691,0.4890324609494373,-16.18770884645691,0.3890324609494373,-16.18770884645691,0.5825844677389196,-16.18770884645691,0.5890324609494373,-16.18770884645691,0.38903246094943766
30,154.98,17.940252016867618,-17.940252016867618,0.5405060960338229,-17.940252016867618,0.4405060960338229,-17.940252016867618,0.6340581028233052,-17.940252016867618,0.6405060960338229,-17.940252016867618,0.4405060960338233
31,110.6,16.85472878660696,-16.85472878660696,0.5975524633979281,-16.85472878660696,0.4975524633979281,-16.85472878660696,0.6911044701874104,-16.85472878660696,0.6975524633979281,-16.85472878660696,0.49755246339792847
32,95.98,17.13575837046362,-17.13575837046362,0.6511470867777517,-17.13575837046362,0.5511470867777516,-17.13575837046362,0.744699093567234,-17.13575837046362,0.7511470867777517,-17.13575837046362,0.551147086777752
33,90.0,16.775630625585624,-16.775630625585624,0.7056353273077576,-16.775630625585624,0.6056353273077576,-16.775630625585624,0.7991873340972401,-16.775630625585624,0.8056353273077577,-16.775630625585624,0.605635327307758
34,75.0,3.1043815303668816,-3.1043815303668816,0.7589784345579746,-3.1043815303668816,0.6589784345579747,-3.1043815303668816,0.852530441347457,-3.1043815303668816,0.8589784345579746,-3.1043815303668816,0.658978434557975
35,45.35,0.0,0.0,0.7688497389885449,0.0,0.6688497389885448,0.0,0.8624017457780273,0.0,0.8688497389885449,0.0,0.6688497389885453
36,20.15,4.556365239272184,-4.556365239272184,0.7688497389885449,-4.556365239272184,0.6688497389885448,-4.556365239272184,0.8624017457780273,-4.556365239272184,0.8688497389885449,-4.556365239272184,0.6688497389885453
37,39.58,6.631739273247141,-6.631739273247141,0.7833380574937797,-6.631739273247141,0.6833380574937797,-6.631739273247141,0.8768900642832621,-6.631739273247141,0.8833380574937797,-6.631739273247141,0.6833380574937801
38,76.21,15.195123488123688,-15.195123488123688,0.8044256450309516,-15.195123488123688,0.7044256450309516,-15.195123488123688,0.8979776518204341,-15.195123488123688,0.9044256450309517,-15.195123488123688,0.7044256450309521
39,133.33,14.861619714304519,-14.861619714304519,0.8527430597379161,-14.861619714304519,0.7527430597379161,-14.861619714304519,0.9462950665273985,-14.861619714304519,0.9527430597379161,-14.861619714304519,0.7527430597379164
40,199.74,19.763592985977397,0.0,0.9,0.0,0.8,-2.0277999905130573,0.9935520067894824,0.0,1.0,1.0845033452762633e-13,0.8000000000000004
41,226.11,15.8763509650681,0.0,0.9,-1.0845033452762633e-13,0.8,0.0,1.0,0.0,1.0,0.0,0.8
42,230.57,16.76053545451738,65.856091174821,0.9000000000000002,65.8560911748213,0.8000000000000004,65.856091174821,1.0,65.856091174821,1.0,65.85609117482089,0.8
43,226.18,16.936428734253578,0.0,0.6698802011389952,0.0,0.5698802011389943,0.0,0.7698802011389949,0.0,0.7698802011389949,0.0,0.5698802011389953
44,219.57,11.724090657321787,1.3556291815953292e-13,0.6698802011389952,-1.0845033452762633e-13,0.5698802011389943,0.0,0.7698802011389949,0.0,0.7698802011389949,0.0,0.5698802011389953
45,200.5,4.5914993712901815,-4.5914993712901815,0.6698802011389947,-4.5914993712901815,0.5698802011389946,-4.5914993712901815,0.7698802011389948,-4.5914993712901815,0.7698802011389948,-4.5914993712901815,0.5698802011389951
46,180.18,11.33440567987385,-11.33440567987385,0.6844802390671357,-11.33440567987385,0.5844802390671358,-11.33440567987385,0.7844802390671358,-11.33440567987385,0.7844802390671358,-11.33440567987385,0.5844802390671362
47,169.06,6.289231641485803,-6.289231641485803,0.7205213531863776,-6.289231641485803,0.6205213531863776,-6.289231641485803,0.8205213531863776,-6.289231641485803,0.8205213531863776,-6.289231641485803,0.6205213531863779
48,169.13,14.665694653918564,-14.665694653918564,0.7405198358342705,-14.665694653918564,0.6405198358342705,-14.665694653918564,0.8405198358342706,-14.665694653918564,0.8405198358342706,-14.665694653918564,0.640519835834271
49,169.89,12.264417214673742,-12.264417214673742,0.7871537740916946,-12.264417214673742,0.6871537740916946,-12.264417214673742,0.8871537740916947,-12.264417214673742,0.8871537740916947,-12.264417214673742,0.687153774091695
50,169.53,6.937637005004797,-6.937637005004797,0.8261521365047267,-6.937637005004797,0.7261521365047268,-6.937637005004797,0.9261521365047268,-6.937637005004797,0.9261521365047268,-6.937637005004797,0.7261521365047272
51,182.04,16.28644093770508,-16.28644093770508,0.8482124168650144,-16.28644093770508,0.7482124168650143,-16.28644093770508,0.9482124168650145,-16.28644093770508,0.9482124168650145,-16.28644093770508,0.7482124168650147
52,229.95,24.100867266366727,0.0,0.9,-1.0845033452762633e-13,0.8,0.0,1.0,0.0,1.0,1.0845033452762633e-13,0.8000000000000004
53,248.08,36.31423777094659,78.94541539069863,0.9000000000000002,21.709061543024077,0.8000000000000004,136.1817692383732,1.0,78.94541539069861,1.0,78.94541539069856,0.8
54,251.09,20.326973842699694,150.0,0.6241424022194036,150.0,0.7241424022194036,150.0,0.5241424022194038,150.0,0.7241424022194036,150.0,0.5241424022194038
55,231.08,21.41541727207417,0.0,0.09999999999999992,0.0,0.19999999999999984,0.0,0.0,0.0,0.19999999999999984,0.0,0.0
56,210.62,24.27664345247961,0.0,0.09999999999999998,0.0,0.19999999999999996,0.0,0.0,0.0,0.19999999999999996,0.0,0.0
57,199.68,22.080688537348266,0.0,0.09999999999999998,0.0,0.19999999999999996,0.0,0.0,0.0,0.19999999999999996,0.0,0.0
58,185.34,28.01531693134472,-28.01531693134472,0.09999999999999998,-28.01531693134472,0.19999999999999996,-28.01531693134472,0.0,-28.01531693134472,0.19999999999999996,-28.01531693134472,0.0
59,182.33,57.8125361048832,-57.8125361048832,0.1890830329465109,-57.8125361048832,0.2890830329465109,-57.8125361048832,0.08908303294651093,-57.8125361048832,0.2890830329465109,-57.8125361048832,0.08908303294651093
60,185.39,58.617458201279106,-58.617458201279106,0.37291518702043097,-32.329201042533796,0.47291518702043095,-58.617458201279106,0.272915187020431,-58.617458201279106,0.47291518702043095,-58.617458201279106,0.272915187020431
61,186.26,76.00040011890842,-36.60883110758325,0.5593068303126358,0.0,0.575715497602824,-76.00040011890842,0.45930683031263586,-36.60883110758325,0.6593068303126358,-36.60883110758337,0.45930683031263586
62,185.05,70.53421072022356,-70.53421072022356,0.6757154976028243,-70.53421072022356,0.5757154976028244,-70.53421072022356,0.7009727077443412,-70.53421072022356,0.7757154976028243,-70.53421072022356,0.5757154976028247
63,196.54,42.70163550578839,0.0,0.9,0.0,0.8,-23.5055192550033,0.9252572101415167,0.0,1.0,1.0845033452762633e-13,0.8000000000000004
64,245.74,69.27374505843576,0.0,0.9,-1.0845033452762633e-13,0.8,0.0,1.0,0.0,1.0,0.0,0.8
65,261.99,68.2910268926002,78.94541539069863,0.9000000000000002,21.709061543024077,0.8000000000000004,136.1817692383732,1.0,78.94541539069861,1.0,78.94541539069856,0.8
66,274.34,66.47745711856392,150.0,0.6241424022194036,150.0,0.7241424022194036,150.0,0.5241424022194038,150.0,0.7241424022194036,150.0,0.5241424022194038
67,259.9,117.87696357983384,0.0,0.09999999999999992,0.0,0.19999999999999984,0.0,0.0,0.0,0.19999999999999984,0.0,0.0
68,240.2,179.02511713257311,0.0,0.09999999999999992,0.0,0.19999999999999984,0.0,0.0,0.0,0.19999999999999984,0.0,0.0
69,187.99,181.7555537361857,-101.58835306531388,0.09999999999999998,-38.69126479898535,0.19999999999999996,-150.0,0.0,-101.58835306531383,0.19999999999999996,-101.58835306531395,0.0
70,203.39,124.36500950959213,0.0,0.42303038460271153,0.0,0.3230303846027113,0.0,0.47696961539728866,0.0,0.5230303846027113,0.0,0.3230303846027118
71,195.94,163.61009457678966,0.0,0.42303038460271153,0.0,0.3230303846027113,0.0,0.47696961539728866,0.0,0.5230303846027113,0.0,0.3230303846027118
72,189.1,166.6300580211425,0.0,0.42303038460271153,0.0,0.3230303846027113,-14.485441331642273,0.47696961539728866,0.0,0.5230303846027113,0.0,0.3230303846027118
73,185.05,181.95960035789403,-150.0,0.42303038460271136,-150.0,0.32303038460271133,-150.0,0.5230303846027113,-150.0,0.5230303846027113,-150.0,0.3230303846027117
74,189.2,162.10747413661082,0.0,0.9,0.0,0.8,0.0,1.0,0.0,1.0,0.0,0.8000000000000004
75,202.24,151.13588080586794,0.0,0.9,0.0,0.8,0.0,1.0,0.0,1.0,1.0845033452762633e-13,0.8000000000000004
76,236.7,135.21799286715978,0.0,0.9,0.0,0.8,0.0,1.0,0.0,1.0,0.0,0.8
77,264.89,109.37248437969112,78.94541539069859,0.9,21.709061543023967,0.8,136.1817692383732,1.0,78.94541539069861,1.0,78.94541539069856,0.8
78,274.17,104.54377262536892,150.0,0.6241424022194036,150.0,0.7241424022194036,150.0,0.5241424022194038,150.0,0.7241424022194036,150.0,0.5241424022194038
79,244.91,56.250725573873034,0.0,0.09999999999999992,0.0,0.19999999999999984,0.0,0.0,0.0,0.19999999999999984,0.0,0.0
80,231.99,56.01922667360426,0.0,0.09999999999999998,0.0,0.19999999999999996,0.0,0.0,0.0,0.19999999999999996,0.0,0.0
81,216.29,69.43115699800823,0.0,0.09999999999999998,0.0,0.19999999999999996,0.0,0.0,0.0,0.19999999999999996,0.0,0.0
82,208.09,98.97847921793354,0.0,0.09999999999999998,0.0,0.19999999999999996,0.0,0.0,0.0,0.19999999999999996,0.0,0.0
83,197.46,84.64556451442323,-84.64556451442323,0.09999999999999998,-24.0123354583102,0.19999999999999996,-84.64556451442323,0.0,-84.64556451442323,0.19999999999999996,-84.64556451442323,0.0
84,189.24,88.03538120276899,-88.03538120276899,0.36915574901020554,-88.03538120276899,0.2763543627222726,-88.03538120276899,0.2691557490102055,-88.03538120276899,0.4691557490102055,-88.03538120276899,0.2691557490102055
85,187.97,76.64354813790618,-76.64354813790618,0.6490904284344617,-76.64354813790618,0.5562890421465287,-76.64354813790618,0.5490904284344618,-76.64354813790618,0.7490904284344617,-76.64354813790618,0.5490904284344618
86,204.12,74.90994483812011,-2.2638592102154007,0.892801386287933,0.0,0.8,-65.16094747654385,0.792801386287933,-2.2638592102154007,0.992801386287933,-2.2638592102154007,0.792801386287933
87,237.13,63.00983365285094,0.0,0.9,0.0,0.8,0.0,1.0,0.0,1.0,0.0,0.8
88,251.82,66.303363147259,0.0,0.9,0.0,0.8,0.0,1.0,0.0,1.0,0.0,0.8
89,290.0,91.15679730563353,78.94541539069859,0.9,21.709061543023967,0.8,136.1817692383732,1.0,78.94541539069861,1.0,78.94541539069856,0.8
90,298.21,98.74396969302525,150.0,0.6241424022194036,150.0,0.7241424022194036,150.0,0.5241424022194038,150.0,0.7241424022194036,150.0,0.5241424022194038
91,265.88,112.27483061559988,0.0,0.09999999999999992,0.0,0.19999999999999984,0.0,0.0,0.0,0.19999999999999984,0.0,0.0
92,245.46,138.92379492344304,0.0,0.09999999999999998,0.0,0.19999999999999996,0.0,0.0,0.0,0.19999999999999996,0.0,0.0
93,192.0,169.3154157086373,0.0,0.09999999999999998,0.0,0.19999999999999996,0.0,0.0,0.0,0.19999999999999996,0.0,0.0
94,100.09,196.7693643447512,-150.0,0.09999999999999998,-150.0,0.19999999999999996,-150.0,0.0,-150.0,0.19999999999999996,-150.0,0.0
95,171.99,213.9218842562223,44.05460142398634,0.5769696153972886,101.29095527166103,0.6769696153972885,0.0,0.47696961539728866,44.05460142398637,0.6769696153972885,44.054601423986426,0.47696961539728866
96,167.89,267.5981757252295,0.0,0.42303038460271153,0.0,0.3230303846027113,0.0,0.47696961539728866,0.0,0.5230303846027113,0.0,0.3230303846027113
97,165.68,258.1217036944771,0.0,0.42303038460271153,0.0,0.3230303846027113,-14.485441331642273,0.47696961539728866,0.0,0.5230303846027113,0.0,0.3230303846027113
98,167.55,243.44008014726248,0.0,0.42303038460271153,0.0,0.3230303846027113,0.0,0.5230303846027113,0.0,0.5230303846027113,0.0,0.3230303846027113
99,143.34,270.2765712161972,-150.0,0.42303038460271136,-150.0,0.32303038460271133,-150.0,0.5230303846027113,-150.0,0.5230303846027113,-150.0,0.32303038460271133
100,199.18,263.35237126404115,34.12046430253102,0.9,-1.0845033452762633e-13,0.8,61.64762873595885,1.0,34.12046430253102,1.0,34.12046430253096,0.8
101,201.49,261.5428696430876,63.45713035691239,0.7807734525041998,40.341240811768884,0.8000000000000004,63.45713035691239,0.7845857585546973,63.45713035691239,0.8807734525041998,63.45713035691239,0.6807734525042001
102,204.18,193.6321792687448,131.3678207312552,0.5590363008827205,131.3678207312552,0.6590363008827205,131.3678207312552,0.5628486069332179,131.3678207312552,0.6590363008827205,131.3678207312552,0.4590363008827206
103,187.49,178.16439587737295,0.0,0.09999999999999992,0.0,0.19999999999999984,0.0,0.10381230605049732,0.0,0.19999999999999984,0.0,0.0
104,179.17,134.10966814596543,0.0,0.09999999999999998,0.0,0.19999999999999996,0.0,0.10381230605049727,0.0,0.19999999999999996,0.0,0.0
105,171.6,125.24066587511965,-125.24066587511965,0.09999999999999998,-125.24066587511965,0.19999999999999996,-125.24066587511965,0.10381230605049727,-125.24066587511965,0.19999999999999996,-125.24066587511965,0.0
106,174.66,93.29940953684604,-33.50240814846203,0.4982399482303743,1.3556291815953292e-13,0.5982399482303742,-63.75203753084462,0.5020522542808715,-33.50240814846233,0.5982399482303742,-33.50240814846212,0.39823994823037434
107,177.03,83.35169574579419,-1.3556291815953292e-13,0.6047708197600739,0.0,0.5982399482303737,0.0,0.7047708197600747,0.0,0.7047708197600747,0.0,0.5047708197600741
108,172.47,51.26527731378635,-51.26527731378635,0.6047708197600743,-51.26527731378635,0.5982399482303737,-51.26527731378635,0.7047708197600744,-51.26527731378635,0.7047708197600744,-51.26527731378635,0.5047708197600743
109,174.61,41.58000172794564,-41.58000172794564,0.7677840171173544,-12.18532161007955,0.7612531455876539,-41.58000172794564,0.8677840171173545,-41.58000172794564,0.8677840171173545,-41.58000172794564,0.6677840171173545
110,193.1,60.443647554711,0.0,0.9,0.0,0.8,0.0,1.0,0.0,1.0,0.0,0.8
111,216.84,31.46888454905917,0.0,0.9,0.0,0.8,0.0,1.0,0.0,1.0,0.0,0.8
112,241.2,19.06352883774498,0.0,0.9,0.0,0.8,0.0,1.0,0.0,1.0,0.0,0.8
113,286.99,32.33798482130509,150.0,0.9,150.0,0.8,150.0,1.0,150.0,1.0,150.0,0.8
114,280.0,10.262347673365612,78.94541539069856,0.3758575977805962,21.709061543023928,0.2758575977805962,136.1817692383732,0.4758575977805962,78.94541539069857,0.4758575977805962,78.94541539069856,0.2758575977805962
115,245.88,0.0,0.0,0.09999999999999998,0.0,0.19999999999999996,0.0,0.0,0.0,0.19999999999999996,0.0,0.0
116,225.73,0.0,0.0,0.09999999999999998,0.0,0.19999999999999996,0.0,0.0,0.0,0.19999999999999996,0.0,0.0
117,194.47,0.0,0.0,0.09999999999999998,0.0,0.19999999999999996,0.0,0.0,0.0,0.19999999999999996,0.0,0.0
118,196.96,0.0,0.0,0.09999999999999998,0.0,0.19999999999999996,0.0,0.0,0.0,0.19999999999999996,0.0,0.0
119,185.01,2.4768792423948187,-2.4768792423948187,0.09999999999999998,-2.4768792423948187,0.19999999999999996,-2.4768792423948187,0.0,-2.4768792423948187,0.19999999999999996,-2.4768792423948187,0.0
120,179.94,8.403607588075593,-8.403607588075593,0.10787597426420388,-8.403607588075593,0.20787597426420384,-8.403607588075593,0.007875974264203896,-8.403607588075593,0.20787597426420384,-8.403607588075593,0.007875974264203896
121,176.27,19.34700218781619,-19.34700218781619,0.1345977441257649,-19.34700218781619,0.2345977441257649,-19.34700218781619,0.03459774412576491,-19.34700218781619,0.2345977441257649,-19.34700218781619,0.03459774412576491
122,177.98,16.569293689843466,-16.569293689843466,0.19611729207651948,-16.569293689843466,0.2961172920765195,-16.569293689843466,0.0961172920765195,-16.569293689843466,0.2961172920765195,-16.569293689843466,0.0961172920765195
123,185.06,10.896594482435177,-10.896594482435177,0.2488042896675152,-10.896594482435177,0.3488042896675152,-10.896594482435177,0.14880428966751524,-10.896594482435177,0.3488042896675152,-10.896594482435177,0.14880428966751524
124,222.33,7.200896670354801,-7.200896670354801,0.2834532528636973,-7.200896670354801,0.38345325286369736,-7.200896670354801,0.18345325286369737,-7.200896670354801,0.38345325286369736,-7.200896670354801,0.18345325286369737
125,250.04,0.9285854768432397,0.0,0.3063506456328623,0.0,0.40635064563286233,0.0,0.20635064563286235,0.0,0.40635064563286233,0.0,0.20635064563286235
126,249.31,0.0,0.0,0.30635064563286246,0.0,0.4063506456328622,0.0,0.20635064563286237,0.0,0.4063506456328622,0.0,0.20635064563286237
127,229.93,0.0,0.0,0.30635064563286246,0.0,0.4063506456328622,0.0,0.20635064563286237,0.0,0.4063506456328622,0.0,0.20635064563286237
128,198.22,0.0,0.0,0.30635064563286246,0.0,0.4063506456328622,0.0,0.20635064563286237,0.0,0.4063506456328622,0.0,0.20635064563286237
129,183.99,0.0,0.0,0.30635064563286246,0.0,0.4063506456328622,0.0,0.20635064563286237,0.0,0.4063506456328622,0.0,0.20635064563286237
130,182.96,5.918145974683929,-5.918145974683929,0.30635064563286246,-5.918145974683929,0.4063506456328622,-5.918145974683929,0.20635064563286237,-5.918145974683929,0.4063506456328622,-5.918145974683929,0.20635064563286237
131,180.8,0.0,0.0,0.3251691510289291,0.0,0.4251691510289289,0.0,0.2251691510289291,0.0,0.4251691510289289,0.0,0.2251691510289291
132,176.2,7.746624429592133,-7.746624429592133,0.3251691510289291,-7.746624429592133,0.4251691510289289,-7.746624429592133,0.2251691510289291,-7.746624429592133,0.4251691510289289,-7.746624429592133,0.2251691510289291
133,185.09,20.10066239746534,-20.10066239746534,0.34980184752766114,-20.10066239746534,0.44980184752766095,-20.10066239746534,0.2498018475276611,-20.10066239746534,0.44980184752766095,-20.10066239746534,0.2498018475276611
134,198.96,1.7800677184084388,-1.7800677184084388,0.4137178822806597,-1.7800677184084388,0.5137178822806595,-1.7800677184084388,0.31371788228065967,-1.7800677184084388,0.5137178822806595,-1.7800677184084388,0.31371788228065967
135,224.02,0.0,0.0,0.4193781370475291,0.0,0.5193781370475289,0.0,0.31937813704752904,0.0,0.5193781370475289,0.0,0.31937813704752904
136,232.99,5.214306209720567,-5.214306209720567,0.4193781370475291,-5.214306209720567,0.5193781370475289,-5.214306209720567,0.31937813704752904,-5.214306209720567,0.5193781370475289,-5.214306209720567,0.31937813704752904
137,269.27,24.042763473785318,0.0,0.43595857456362314,0.0,0.535958574563623,0.0,0.3359585745636231,0.0,0.535958574563623,0.0,0.3359585745636231
138,273.4,37.24825347442351,96.14521925941956,0.43595857456362297,96.14521925941955,0.5359585745636227,96.1452192594196,0.3359585745636232,96.14521925941955,0.5359585745636227,96.1452192594196,0.3359585745636232
139,253.0,48.18646849203011,0.0,0.09999999999999992,0.0,0.19999999999999984,0.0,0.0,0.0,0.19999999999999984,0.0,0.0
140,234.38,19.341856580336017,0.0,0.09999999999999998,0.0,0.19999999999999996,0.0,0.0,0.0,0.19999999999999996,0.0,0.0
141,213.31,7.733352221668492,0.0,0.09999999999999998,0.0,0.19999999999999996,-7.733352221668492,0.0,0.0,0.19999999999999996,0.0,0.0
142,186.93,27.507675031082314,-27.507675031082314,0.09999999999999998,0.0,0.19999999999999996,-27.507675031082314,0.02459049356600659,-27.507675031082314,0.19999999999999996,-27.507675031082314,0.0
143,170.68,30.006720840339106,-30.006720840339106,0.18746883453365953,-30.006720840339106,0.19999999999999996,-30.006720840339106,0.11205932809966614,-30.006720840339106,0.2874688345336595,-30.006720840339106,0.08746883453365954
144,173.88,37.90064156481161,-37.90064156481161,0.2828841285239952,-37.90064156481161,0.2954152939903356,-37.90064156481161,0.2074746220900018,-37.90064156481161,0.38288412852399517,-37.90064156481161,0.18288412852399522
145,174.64,44.69831088465137,-44.69831088465137,0.40340049139385303,-44.69831088465137,0.41593165686019345,-44.69831088465137,0.3279909849598597,-44.69831088465137,0.503400491393853,-44.69831088465137,0.30340049139385317
146,176.59,54.75695181842238,-54.75695181842238,0.5455320657375904,-28.963808923885097,0.5580632312039309,-54.75695181842238,0.47012255930359703,-54.75695181842238,0.6455320657375904,-54.75695181842238,0.4455320657375905
147,170.89,47.12178258529822,-47.12178258529822,0.7196480807319957,-47.12178258529822,0.650162276556371,-47.12178258529822,0.6442385742980024,-47.12178258529822,0.8196480807319957,-47.12178258529822,0.6196480807319957
148,197.96,46.383991873063614,-9.596270340708843,0.8694858041756246,0.0,0.8,-46.383991873063614,0.7940762977416312,-9.596270340708843,0.9694858041756246,-9.596270340708813,0.7694858041756247
149,257.0,32.796028247977524,150.0,0.9,150.0,0.8,150.0,0.9415679961702053,150.0,1.0,150.0,0.8
150,250.0,18.302918987310623,78.94541539069856,0.3758575977805962,21.709061543023928,0.2758575977805962,119.45959500221915,0.4174255939508015,78.94541539069857,0.4758575977805962,78.94541539069856,0.2758575977805962
151,224.0,28.830904569413526,0.0,0.09999999999999998,0.0,0.19999999999999996,0.0,0.0,0.0,0.19999999999999996,0.0,0.0
152,204.97,27.106434143407714,-27.106434143407714,0.09999999999999998,-27.106434143407714,0.19999999999999996,-27.106434143407714,0.0,-27.106434143407714,0.19999999999999996,-27.106434143407714,0.0
153,200.93,10.38269398632088,-10.38269398632088,0.1861929697878207,-10.38269398632088,0.2861929697878207,-10.38269398632088,0.08619296978782075,-10.38269398632088,0.2861929697878207,-10.38269398632088,0.08619296978782075
154,196.99,0.0,0.0,0.2192078335041088,0.0,0.31920783350410875,0.0,0.11920783350410881,0.0,0.31920783350410875,0.0,0.11920783350410881
155,189.68,18.20247234142022,-18.20247234142022,0.2192078335041088,-18.20247234142022,0.31920783350410875,-18.20247234142022,0.11920783350410881,-18.20247234142022,0.31920783350410875,-18.20247234142022,0.11920783350410881
156,185.33,4.556984839679657,-4.556984839679657,0.27708800838388875,-4.556984839679657,0.3770880083838887,-4.556984839679657,0.17708800838388872,-4.556984839679657,0.3770880083838887,-4.556984839679657,0.17708800838388872
157,189.26,37.49755653297374,-37.49755653297374,0.2915782970929106,-37.49755653297374,0.39157829709291053,-37.49755653297374,0.1915782970929106,-37.49755653297374,0.39157829709291053,-37.49755653297374,0.1915782970929106
158,190.0,1.6526327810203691,-1.6526327810203691,0.41081293121204776,-1.6526327810203691,0.5108129312120477,-1.6526327810203691,0.3108129312120477,-1.6526327810203691,0.5108129312120477,-1.6526327810203691,0.3108129312120477
159,216.3,0.0,0.0,0.416067968691756,0.0,0.516067968691756,0.0,0.316067968691756,0.0,0.516067968691756,0.0,0.316067968691756
160,227.7,0.0,0.0,0.416067968691756,0.0,0.5160679686917563,0.0,0.316067968691756,0.0,0.5160679686917563,0.0,0.316067968691756
161,230.99,0.0,0.0,0.41606796869175594,0.0,0.5160679686917563,0.0,0.316067968691756,0.0,0.5160679686917563,0.0,0.316067968691756
162,231.03,4.240561469586309,90.45289047978551,0.416067968691756,90.45289047978562,0.5160679686917563,90.45289047978548,0.316067968691756,90.45289047978562,0.5160679686917563,90.45289047978548,0.316067968691756
163,218.03,47.18516951022182,0.0,0.09999999999999992,0.0,0.19999999999999984,0.0,0.0,0.0,0.19999999999999984,0.0,0.0
164,205.27,109.22915744555723,0.0,0.09999999999999998,0.0,0.19999999999999996,0.0,0.0,0.0,0.19999999999999996,0.0,0.0
165,176.3,129.99460499124072,0.0,0.09999999999999998,0.0,0.19999999999999996,0.0,0.0,0.0,0.19999999999999996,0.0,0.0
166,134.15,15.177368713788391,0.0,0.09999999999999998,0.0,0.19999999999999996,0.0,0.0,0.0,0.19999999999999996,0.0,0.0
167,125.3,14.654413169459174,0.0,0.09999999999999998,0.0,0.19999999999999996,0.0,0.0,0.0,0.19999999999999996,0.0,0.0
