window,scope,i_start_year,i_end_year,hour_in_week_start,hour_in_week_end,depth,mean_soc,count
10-90%,week,3199,3201,7,9,5.921189464667501e-17,0.09999999999999995,1.0
10-90%,week,3196,3202,4,10,0.8000000000000003,0.5000000000000001,0.5
10-90%,week,3202,3210,10,18,0.8000000000000003,0.5000000000000001,0.5
10-90%,week,3210,3213,18,21,0.8000000000000003,0.5000000000000001,0.5
10-90%,week,3234,3237,42,45,0.23011979886100553,0.7849401005694974,1.0
10-90%,week,3213,3245,21,53,0.8000000000000003,0.5000000000000001,0.5
10-90%,week,3245,3247,53,55,0.8000000000000003,0.5000000000000001,0.5
10-90%,week,3247,3257,55,65,0.8000000000000003,0.5000000000000001,0.5
10-90%,week,3264,3265,72,73,1.8947806286936006e-16,0.4230303846027114,1.0
10-90%,week,3260,3269,68,77,0.8,0.5,1.0
10-90%,week,3271,3281,79,89,0.8,0.5,1.0
10-90%,week,3287,3291,95,99,0.1539392307945773,0.5,1.0
10-90%,week,3283,3292,91,100,0.8,0.5,1.0
10-90%,week,3311,3329,119,137,0.33595857456362316,0.2679792872818116,1.0
10-90%,week,3295,3305,103,113,0.8,0.5,1.0
10-90%,week,3352,3353,160,161,4.7369515717340015e-17,0.416067968691756,1.0
10-90%,week,3344,3354,152,162,0.316067968691756,0.258033984345878,1.0
10-90%,week,3331,3341,139,149,0.8,0.5,1.0
10-90%,week,3257,3355,65,163,0.8000000000000003,0.5000000000000001,0.5
10-90%,adjacent,3184,3193,-8,1,0.05456536504639568,0.8727173174768021,1.0
10-90%,adjacent,3166,3196,-26,4,0.8000000000000003,0.5000000000000001,0.5
10-90%,adjacent,3355,3378,163,186,0.8000000000000003,0.5000000000000001,0.5
20-80%,week,3199,3201,7,9,1.1842378929335003e-16,0.1999999999999999,1.0
20-80%,week,3197,3202,5,10,0.6000000000000005,0.5000000000000001,0.5
20-80%,week,3202,3210,10,18,0.6000000000000005,0.5000000000000001,0.5
20-80%,week,3210,3213,18,21,0.6000000000000005,0.5000000000000001,0.5
20-80%,week,3234,3236,42,44,0.2301197988610061,0.6849401005694974,1.0
20-80%,week,3213,3245,21,53,0.6000000000000005,0.5000000000000001,0.5
20-80%,week,3245,3247,53,55,0.6000000000000005,0.5000000000000001,0.5
20-80%,week,3247,3257,55,65,0.6000000000000005,0.5000000000000001,0.5
20-80%,week,3260,3269,68,77,0.6000000000000002,0.4999999999999999,1.0
20-80%,week,3271,3281,79,89,0.6000000000000002,0.4999999999999999,1.0
20-80%,week,3287,3290,95,98,0.3539392307945773,0.4999999999999999,1.0
20-80%,week,3257,3283,65,91,0.6000000000000005,0.5000000000000001,0.5
20-80%,week,3283,3293,91,101,0.6000000000000005,0.5000000000000001,0.5
20-80%,week,3298,3300,106,108,4.736951571734001e-16,0.5982399482303741,1.0
20-80%,week,3317,3322,125,130,9.473903143468003e-17,0.4063506456328623,1.0
20-80%,week,3311,3329,119,137,0.335958574563623,0.3679792872818115,1.0
20-80%,week,3295,3305,103,113,0.6000000000000002,0.4999999999999999,1.0
20-80%,week,3344,3354,152,162,0.31606796869175635,0.3580339843458781,1.0
20-80%,week,3331,3341,139,149,0.6000000000000002,0.4999999999999999,1.0
20-80%,week,3293,3355,101,163,0.6000000000000005,0.5000000000000001,0.5
20-80%,adjacent,3184,3193,-8,1,0.05456536504639568,0.7727173174768022,1.0
20-80%,adjacent,3166,3197,-26,5,0.6000000000000005,0.5000000000000001,0.5
20-80%,adjacent,3355,3378,163,186,0.6000000000000005,0.5000000000000001,0.5
0-100%,week,3196,3203,4,11,1.0,0.5,0.5
0-100%,week,3203,3210,11,18,1.0,0.5,0.5
0-100%,week,3210,3215,18,23,1.0,0.5,0.5
0-100%,week,3234,3237,42,45,0.23011979886100525,0.8849401005694973,1.0
0-100%,week,3215,3245,23,53,1.0,0.5,0.5
0-100%,week,3245,3250,53,58,1.0,0.5,0.5
0-100%,week,3250,3257,58,65,1.0,0.5,0.5
0-100%,week,3257,3261,65,69,1.0,0.5,0.5
0-100%,week,3261,3269,69,77,1.0,0.5,0.5
0-100%,week,3269,3275,77,83,1.0,0.5,0.5
0-100%,week,3275,3281,83,89,1.0,0.5,0.5
0-100%,week,3281,3286,89,94,1.0,0.5,0.5
0-100%,week,3299,3300,107,108,2.842170943040401e-16,0.7047708197600745,1.0
0-100%,week,3292,3297,100,105,0.8961876939495028,0.5519061530252486,1.0
0-100%,week,3286,3305,94,113,1.0,0.5,0.5
0-100%,week,3311,3330,119,138,0.3359585745636232,0.1679792872818116,1.0
0-100%,week,3333,3341,141,149,0.9415679961702053,0.47078399808510263,1.0
0-100%,week,3344,3354,152,162,0.316067968691756,0.158033984345878,1.0
0-100%,week,3305,3360,113,168,1.0,0.5,0.5
0-100%,adjacent,3184,3193,-8,1,0.05456536504639568,0.9727173174768021,1.0
0-100%,adjacent,3180,3196,-12,4,1.0,0.5,0.5
20-100%,week,3199,3201,7,9,1.1842378929335003e-16,0.1999999999999999,1.0
20-100%,week,3196,3202,4,10,0.8000000000000002,0.5999999999999999,0.5
20-100%,week,3202,3210,10,18,0.8000000000000002,0.5999999999999999,0.5
20-100%,week,3210,3213,18,21,0.8000000000000002,0.5999999999999999,0.5
20-100%,week,3234,3237,42,45,0.23011979886100525,0.8849401005694973,1.0
20-100%,week,3213,3245,21,53,0.8000000000000002,0.5999999999999999,0.5
20-100%,week,3245,3247,53,55,0.8000000000000002,0.5999999999999999,0.5
20-100%,week,3247,3257,55,65,0.8000000000000002,0.5999999999999999,0.5
20-100%,week,3257,3260,65,68,0.8000000000000002,0.5999999999999999,0.5
20-100%,week,3260,3269,68,77,0.8000000000000002,0.5999999999999999,0.5
20-100%,week,3269,3271,77,79,0.8000000000000002,0.5999999999999999,0.5
20-100%,week,3271,3281,79,89,0.8000000000000002,0.5999999999999999,0.5
20-100%,week,3287,3291,95,99,0.15393923079457722,0.6,1.0
20-100%,week,3281,3283,89,91,0.8000000000000002,0.5999999999999999,0.5
20-100%,week,3283,3292,91,100,0.8000000000000002,0.5999999999999999,0.5
20-100%,week,3299,3300,107,108,2.842170943040401e-16,0.7047708197600745,1.0
20-100%,week,3292,3295,100,103,0.8000000000000002,0.5999999999999999,0.5
20-100%,week,3317,3322,125,130,9.473903143468003e-17,0.4063506456328623,1.0
20-100%,week,3311,3329,119,137,0.335958574563623,0.3679792872818115,1.0
20-100%,week,3295,3305,103,113,0.8000000000000002,0.5999999999999999,0.5
20-100%,week,3305,3331,113,139,0.8000000000000002,0.5999999999999999,0.5
20-100%,week,3344,3354,152,162,0.31606796869175635,0.3580339843458781,1.0
20-100%,week,3331,3341,139,149,0.8000000000000002,0.5999999999999999,0.5
20-100%,week,3341,3355,149,163,0.8000000000000002,0.5999999999999999,0.5
20-100%,adjacent,3184,3193,-8,1,0.05456536504639568,0.9727173174768021,1.0
20-100%,adjacent,3166,3196,-26,4,0.8000000000000002,0.5999999999999999,0.5
20-100%,adjacent,3355,3378,163,186,0.8000000000000002,0.5999999999999999,0.5
0-80%,week,3203,3210,11,18,0.8,0.4,1.0
0-80%,week,3173,3216,-19,24,0.8000000000000004,0.4000000000000002,0.5
0-80%,week,3232,3237,40,45,0.23011979886100534,0.6849401005694977,1.0
0-80%,week,3216,3244,24,52,0.8000000000000004,0.4000000000000002,0.5
0-80%,week,3244,3250,52,58,0.8000000000000004,0.4000000000000002,0.5
0-80%,week,3250,3255,58,63,0.8000000000000004,0.4000000000000002,0.5
0-80%,week,3264,3265,72,73,4.7369515717340015e-17,0.3230303846027117,1.0
0-80%,week,3255,3261,63,69,0.8000000000000004,0.4000000000000002,0.5
0-80%,week,3261,3267,69,75,0.8000000000000004,0.4000000000000002,0.5
0-80%,week,3275,3281,83,89,0.8,0.4,1.0
0-80%,week,3287,3290,95,98,0.15393923079457741,0.39999999999999997,1.0
0-80%,week,3286,3292,94,100,0.8,0.4,1.0
0-80%,week,3297,3305,105,113,0.8,0.4,1.0
0-80%,week,3311,3330,119,138,0.3359585745636232,0.1679792872818116,1.0
0-80%,week,3334,3341,142,149,0.8,0.4,1.0
0-80%,week,3344,3354,152,162,0.316067968691756,0.158033984345878,1.0
0-80%,week,3267,3361,75,169,0.8000000000000004,0.4000000000000002,0.5
0-80%,adjacent,3189,3192,-3,0,4.736951571734001e-16,0.7475634632964161,1.0
0-80%,adjacent,3184,3193,-8,1,0.054565365046395205,0.7727173174768024,1.0
0-80%,adjacent,3180,3196,-12,4,0.8,0.4,1.0
