cycle_idx,dod,sigma_bar,sg0_charge,sg1_discharge,sg2_boundary,eff_ratio,expected_A,pass_A,pass_B,c_ratio,pass_C
0,0.8,0.5,-1.83566e-05,2.03264e-05,0,1.1073,1.1073,True,True,0,True
1,0.8,0.5,-1.83566e-05,2.03264e-05,0,1.1073,1.1073,True,True,0,True
2,0.675472,0.562264,-1.90019e-05,2.10409e-05,0,1.1073,1.1073,True,True,0,True
3,0.8,0.5,-1.83566e-05,2.03264e-05,0,1.1073,1.1073,True,True,0,True
4,0.495019,0.34751,-1.43781e-05,1.59209e-05,0,1.1073,1.1073,True,True,0,True
5,0.313259,0.74337,-1.99995e-05,2.21456e-05,0,1.1073,1.1073,True,True,0,True
6,0.8,0.5,-1.83566e-05,2.03264e-05,0,1.1073,1.1073,True,True,0,True
9,0.8,0.5,-1.83566e-05,2.03264e-05,0,1.1073,1.1073,True,True,0,True
10,0.8,0.5,-1.83566e-05,2.03264e-05,0,1.1073,1.1073,True,True,0,True
13,0.8,0.5,-1.83566e-05,2.03264e-05,0,1.1073,1.1073,True,True,0,True
14,0.272158,0.441721,-1.42518e-05,1.57811e-05,0,1.1073,1.1073,True,True,0,True
15,0.014792,0.892604,-1.35431e-05,1.49963e-05,0,1.1073,1.1073,True,True,0,True
16,0.8,0.5,-1.83566e-05,2.03264e-05,0,1.1073,1.1073,True,True,0,True
18,0.8,0.5,-1.83566e-05,2.03264e-05,0,1.1073,1.1073,True,True,0,True
19,0.8,0.5,-1.83566e-05,2.03264e-05,0,1.1073,1.1073,True,True,0,True
23,0.8,0.5,-1.83566e-05,2.03264e-05,0,1.1073,1.1073,True,True,0,True
25,0.8,0.5,-1.83566e-05,2.03264e-05,0,1.1073,1.1073,True,True,0,True
27,0.8,0.5,-1.83566e-05,2.03264e-05,0,1.1073,1.1073,True,True,0,True
28,0.8,0.5,-1.83566e-05,2.03264e-05,0,1.1073,1.1073,True,True,0,True
29,0.8,0.5,-1.83566e-05,2.03264e-05,0,1.1073,1.1073,True,True,0,True
30,0.8,0.5,-1.83566e-05,2.03264e-05,0,1.1073,1.1073,True,True,0,True
31,0.8,0.5,-1.83566e-05,2.03264e-05,0,1.1073,1.1073,True,True,0,True
32,0.663945,0.431973,-1.6543e-05,1.83181e-05,0,1.1073,1.1073,True,True,0,True
33,0.258578,0.229289,-1.13228e-05,1.25378e-05,0,1.1073,1.1073,True,True,0,True
34,0.8,0.5,-1.83566e-05,2.03264e-05,0,1.1073,1.1073,True,True,0,True
35,0.8,0.5,-1.83566e-05,2.03264e-05,0,1.1073,1.1073,True,True,0,True
36,0.8,0.5,-1.83566e-05,2.03264e-05,0,1.1073,1.1073,True,True,0,True
38,0.52649,0.593384,-1.87729e-05,2.07874e-05,0,1.1073,1.1073,True,True,0,True
39,0.8,0.5,-1.83566e-05,2.03264e-05,0,1.1073,1.1073,True,True,0,True
40,0.8,0.5,-1.83566e-05,2.03264e-05,0,1.1073,1.1073,True,True,0,True
44,0.8,0.5,-1.83566e-05,2.03264e-05,0,1.1073,1.1073,True,True,0,True
45,0.8,0.5,-1.83566e-05,2.03264e-05,0,1.1073,1.1073,True,True,0,True
46,0.8,0.5,-1.83566e-05,2.03264e-05,0,1.1073,1.1073,True,True,0,True
47,0.447818,0.676091,-1.98765e-05,2.20093e-05,0,1.1073,1.1073,True,True,0,True
48,0.8,0.5,-1.83566e-05,2.03264e-05,0,1.1073,1.1073,True,True,0,True
52,0.8,0.5,-1.83566e-05,2.03264e-05,0,1.1073,1.1073,True,True,0,True
55,0.8,0.5,-1.83566e-05,2.03264e-05,0,1.1073,1.1073,True,True,0,True
56,0.8,0.5,-1.83566e-05,2.03264e-05,0,1.1073,1.1073,True,True,0,True
57,0.8,0.5,-1.83566e-05,2.03264e-05,0,1.1073,1.1073,True,True,0,True
58,0.8,0.5,-1.83566e-05,2.03264e-05,0,1.1073,1.1073,True,True,0,True
62,0.8,0.5,-1.83566e-05,2.03264e-05,0,1.1073,1.1073,True,True,0,True
63,0.8,0.5,-1.83566e-05,2.03264e-05,0,1.1073,1.1073,True,True,0,True
64,0.5,0.65,-1.97288e-05,2.18458e-05,0,1.1073,1.1073,True,True,0,True
65,0.8,0.5,-1.83566e-05,2.03264e-05,0,1.1073,1.1073,True,True,0,True
66,0.8,0.5,-1.83566e-05,2.03264e-05,0,1.1073,1.1073,True,True,0,True
68,0.8,0.5,-1.83566e-05,2.03264e-05,0,1.1073,1.1073,True,True,0,True
69,0.205471,0.202735,-1.05715e-05,1.17058e-05,0,1.1073,1.1073,True,True,0,True
70,0.49723,0.651385,-1.97377e-05,2.18556e-05,0,1.1073,1.1073,True,True,0,True
71,0.8,0.5,-1.83566e-05,2.03264e-05,0,1.1073,1.1073,True,True,0,True
72,0.8,0.5,-1.83566e-05,2.03264e-05,0,1.1073,1.1073,True,True,0,True
73,0.0461928,0.123096,-7.45499e-06,8.25495e-06,0,1.1073,1.1073,True,True,0,True
74,0.8,0.5,-1.83566e-05,2.03264e-05,0,1.1073,1.1073,True,True,0,True
75,0.8,0.5,-1.83566e-05,2.03264e-05,0,1.1073,1.1073,True,True,0,True
77,0.8,0.5,-1.83566e-05,2.03264e-05,0,1.1073,1.1073,True,True,0,True
78,0.8,0.5,-1.83566e-05,2.03264e-05,0,1.1073,1.1073,True,True,0,True
79,0.8,0.5,-1.83566e-05,2.03264e-05,0,1.1073,1.1073,True,True,0,True
80,0.8,0.5,-1.83566e-05,2.03264e-05,0,1.1073,1.1073,True,True,0,True
81,0.8,0.5,-1.83566e-05,2.03264e-05,0,1.1073,1.1073,True,True,0,True
83,0.8,0.5,-1.83566e-05,2.03264e-05,0,1.1073,1.1073,True,True,0,True
84,0.8,0.5,-1.83566e-05,2.03264e-05,0,1.1073,1.1073,True,True,0,True
85,0.776381,0.51181,-1.84843e-05,2.04677e-05,0,1.1073,1.1073,True,True,0,True
86,0.8,0.5,-1.83566e-05,2.03264e-05,0,1.1073,1.1073,True,True,0,True
87,0.8,0.5,-1.83566e-05,2.03264e-05,0,1.1073,1.1073,True,True,0,True
88,0.348308,0.274154,-1.25116e-05,1.38542e-05,0,1.1073,1.1073,True,True,0,True
89,0.8,0.5,-1.83566e-05,2.03264e-05,0,1.1073,1.1073,True,True,0,True
90,0.5,0.65,-1.97288e-05,2.18458e-05,0,1.1073,1.1073,True,True,0,True
91,0.8,0.5,-1.83566e-05,2.03264e-05,0,1.1073,1.1073,True,True,0,True
92,0.8,0.5,-1.83566e-05,2.03264e-05,0,1.1073,1.1073,True,True,0,True
95,0.8,0.5,-1.83566e-05,2.03264e-05,0,1.1073,1.1073,True,True,0,True
96,0.8,0.5,-1.83566e-05,2.03264e-05,0,1.1073,1.1073,True,True,0,True
97,0.8,0.5,-1.83566e-05,2.03264e-05,0,1.1073,1.1073,True,True,0,True
99,0.8,0.5,-1.83566e-05,2.03264e-05,0,1.1073,1.1073,True,True,0,True
100,0.8,0.5,-1.83566e-05,2.03264e-05,0,1.1073,1.1073,True,True,0,True
102,0.8,0.5,-1.83566e-05,2.03264e-05,0,1.1073,1.1073,True,True,0,True
103,0.8,0.5,-1.83566e-05,2.03264e-05,0,1.1073,1.1073,True,True,0,True
105,0.8,0.5,-1.83566e-05,2.03264e-05,0,1.1073,1.1073,True,True,0,True
106,0.8,0.5,-1.83566e-05,2.03264e-05,0,1.1073,1.1073,True,True,0,True
107,0.8,0.5,-1.83566e-05,2.03264e-05,0,1.1073,1.1073,True,True,0,True
108,0.8,0.5,-1.83566e-05,2.03264e-05,0,1.1073,1.1073,True,True,0,True
112,0.8,0.5,-1.83566e-05,2.03264e-05,0,1.1073,1.1073,True,True,0,True
113,0.8,0.5,-1.83566e-05,2.03264e-05,0,1.1073,1.1073,True,True,0,True
114,0.181494,0.809253,-1.94294e-05,2.15142e-05,0,1.1073,1.1073,True,True,0,True
115,0.8,0.5,-1.83566e-05,2.03264e-05,0,1.1073,1.1073,True,True,0,True
116,0.8,0.5,-1.83566e-05,2.03264e-05,0,1.1073,1.1073,True,True,0,True
117,0.8,0.5,-1.83566e-05,2.03264e-05,0,1.1073,1.1073,True,True,0,True
118,0.8,0.5,-1.83566e-05,2.03264e-05,0,1.1073,1.1073,True,True,0,True
119,0.8,0.5,-1.83566e-05,2.03264e-05,0,1.1073,1.1073,True,True,0,True
120,0.314238,0.257119,-1.20681e-05,1.33631e-05,0,1.1073,1.1073,True,True,0,True
121,0.120334,0.160167,-9.19233e-06,1.01787e-05,0,1.1073,1.1073,True,True,0,True
122,0.8,0.5,-1.83566e-05,2.03264e-05,0,1.1073,1.1073,True,True,0,True
123,0.8,0.5,-1.83566e-05,2.03264e-05,0,1.1073,1.1073,True,True,0,True
124,0.8,0.5,-1.83566e-05,2.03264e-05,0,1.1073,1.1073,True,True,0,True
125,0.6833,0.44165,-1.67962e-05,1.85986e-05,0,1.1073,1.1073,True,True,0,True
126,0.8,0.5,-1.83566e-05,2.03264e-05,0,1.1073,1.1073,True,True,0,True
128,0.8,0.5,-1.83566e-05,2.03264e-05,0,1.1073,1.1073,True,True,0,True
129,0.235451,0.782274,-1.97904e-05,2.1914e-05,0,1.1073,1.1073,True,True,0,True
130,0.8,0.5,-1.83566e-05,2.03264e-05,0,1.1073,1.1073,True,True,0,True
132,0.8,0.5,-1.83566e-05,2.03264e-05,0,1.1073,1.1073,True,True,0,True
133,0.8,0.5,-1.83566e-05,2.03264e-05,0,1.1073,1.1073,True,True,0,True
134,0.8,0.5,-1.83566e-05,2.03264e-05,0,1.1073,1.1073,True,True,0,True
136,0.201774,0.799113,-1.95926e-05,2.16949e-05,0,1.1073,1.1073,True,True,0,True
137,0.8,0.5,-1.83566e-05,2.03264e-05,0,1.1073,1.1073,True,True,0,True
138,0.8,0.5,-1.83566e-05,2.03264e-05,0,1.1073,1.1073,True,True,0,True
139,0.8,0.5,-1.83566e-05,2.03264e-05,0,1.1073,1.1073,True,True,0,True
140,0.8,0.5,-1.83566e-05,2.03264e-05,0,1.1073,1.1073,True,True,0,True
141,0.8,0.5,-1.83566e-05,2.03264e-05,0,1.1073,1.1073,True,True,0,True
142,0.8,0.5,-1.83566e-05,2.03264e-05,0,1.1073,1.1073,True,True,0,True
143,0.321838,0.260919,-1.21677e-05,1.34733e-05,0,1.1073,1.1073,True,True,0,True
144,0.748677,0.525662,-1.86313e-05,2.06305e-05,0,1.1073,1.1073,True,True,0,True
145,0.350762,0.724619,-2.00133e-05,2.21608e-05,0,1.1073,1.1073,True,True,0,True
146,0.8,0.5,-1.83566e-05,2.03264e-05,0,1.1073,1.1073,True,True,0,True
147,0.241709,0.779145,-1.98187e-05,2.19453e-05,0,1.1073,1.1073,True,True,0,True
148,0.0659954,0.867002,-1.72229e-05,1.9071e-05,0,1.1073,1.1073,True,True,0,True
149,0.8,0.5,-1.83566e-05,2.03264e-05,0,1.1073,1.1073,True,True,0,True
150,0.8,0.5,-1.83566e-05,2.03264e-05,0,1.1073,1.1073,True,True,0,True
151,0.8,0.5,-1.83566e-05,2.03264e-05,0,1.1073,1.1073,True,True,0,True
152,0.537601,0.368801,-1.49181e-05,1.65189e-05,0,1.1073,1.1073,True,True,0,True
154,0.8,0.5,-1.83566e-05,2.03264e-05,0,1.1073,1.1073,True,True,0,True
155,0.534334,0.632833,-1.96109e-05,2.17152e-05,0,1.1073,1.1073,True,True,0,True
157,0.197745,0.570989,-1.5399e-05,1.70513e-05,0,1.1073,1.1073,True,True,0,True
158,0.692166,0.553917,-1.89199e-05,2.09501e-05,0,1.1073,1.1073,True,True,0,True
159,0.8,0.5,-1.83566e-05,2.03264e-05,0,1.1073,1.1073,True,True,0,True
161,0.8,0.5,-1.83566e-05,2.03264e-05,0,1.1073,1.1073,True,True,0,True
162,0.8,0.5,-1.83566e-05,2.03264e-05,0,1.1073,1.1073,True,True,0,True
163,0.8,0.5,-1.83566e-05,2.03264e-05,0,1.1073,1.1073,True,True,0,True
164,0.8,0.5,-1.83566e-05,2.03264e-05,0,1.1073,1.1073,True,True,0,True
165,0.2,0.5,-1.4332e-05,1.58699e-05,0,1.1073,1.1073,True,True,0,True
166,0.8,0.5,-1.83566e-05,2.03264e-05,0,1.1073,1.1073,True,True,0,True
167,0.8,0.5,-1.83566e-05,2.03264e-05,0,1.1073,1.1073,True,True,0,True
168,0.8,0.5,-1.83566e-05,2.03264e-05,0,1.1073,1.1073,True,True,0,True
169,0.227,0.2135,-1.08824e-05,1.20501e-05,0,1.1073,1.1073,True,True,0,True
170,0.8,0.5,-1.83566e-05,2.03264e-05,0,1.1073,1.1073,True,True,0,True
172,0.723851,0.538075,-1.876e-05,2.07731e-05,0,1.1073,1.1073,True,True,0,True
173,0.8,0.5,-1.83566e-05,2.03264e-05,0,1.1073,1.1073,True,True,0,True
174,0.492923,0.346462,-1.43515e-05,1.58915e-05,0,1.1073,1.1073,True,True,0,True
175,0.569861,0.615069,-1.94744e-05,2.15641e-05,0,1.1073,1.1073,True,True,0,True
176,0.8,0.5,-1.83566e-05,2.03264e-05,0,1.1073,1.1073,True,True,0,True
179,0.303971,0.748015,-1.99887e-05,2.21336e-05,0,1.1073,1.1073,True,True,0,True
181,0.8,0.5,-1.83566e-05,2.03264e-05,0,1.1073,1.1073,True,True,0,True
182,0.0532899,0.406452,-1.02686e-05,1.13705e-05,0,1.1073,1.1073,True,True,0,True
183,0.569861,0.384931,-1.53292e-05,1.69741e-05,0,1.1073,1.1073,True,True,0,True
184,0.8,0.5,-1.83566e-05,2.03264e-05,0,1.1073,1.1073,True,True,0,True
185,0.8,0.5,-1.83566e-05,2.03264e-05,0,1.1073,1.1073,True,True,0,True
186,0.569861,0.384931,-1.53292e-05,1.69741e-05,0,1.1073,1.1073,True,True,0,True
187,0.425392,0.312696,-1.34966e-05,1.49448e-05,0,1.1073,1.1073,True,True,0,True
188,0.0577806,0.87111,-1.68909e-05,1.87034e-05,0,1.1073,1.1073,True,True,0,True
189,0.8,0.5,-1.83566e-05,2.03264e-05,0,1.1073,1.1073,True,True,0,True
191,0.8,0.5,-1.83566e-05,2.03264e-05,0,1.1073,1.1073,True,True,0,True
192,0.8,0.5,-1.83566e-05,2.03264e-05,0,1.1073,1.1073,True,True,0,True
193,0.8,0.5,-1.83566e-05,2.03264e-05,0,1.1073,1.1073,True,True,0,True
194,0.8,0.5,-1.83566e-05,2.03264e-05,0,1.1073,1.1073,True,True,0,True
195,0.8,0.5,-1.83566e-05,2.03264e-05,0,1.1073,1.1073,True,True,0,True
196,0.126399,0.1632,-9.30268e-06,1.03009e-05,0,1.1073,1.1073,True,True,0,True
197,0.449813,0.324907,-1.38059e-05,1.52874e-05,0,1.1073,1.1073,True,True,0,True
198,0.0182851,0.890857,-1.40399e-05,1.55465e-05,0,1.1073,1.1073,True,True,0,True
199,0.00230538,0.898847,-9.78168e-06,1.08313e-05,0,1.1073,1.1073,True,True,0,True
200,0.8,0.5,-1.83566e-05,2.03264e-05,0,1.1073,1.1073,True,True,0,True
201,0.8,0.5,-1.83566e-05,2.03264e-05,0,1.1073,1.1073,True,True,0,True
202,0.8,0.5,-1.83566e-05,2.03264e-05,0,1.1073,1.1073,True,True,0,True
203,0.69635,0.448175,-1.69678e-05,1.87886e-05,0,1.1073,1.1073,True,True,0,True
204,0.8,0.5,-1.83566e-05,2.03264e-05,0,1.1073,1.1073,True,True,0,True
205,0.295205,0.752398,-1.99754e-05,2.21188e-05,0,1.1073,1.1073,True,True,0,True
206,0.339722,0.5,-1.57538e-05,1.74443e-05,0,1.1073,1.1073,True,True,0,True
207,0.8,0.5,-1.83566e-05,2.03264e-05,0,1.1073,1.1073,True,True,0,True
208,0.8,0.5,-1.83566e-05,2.03264e-05,0,1.1073,1.1073,True,True,0,True
209,0.502078,0.351039,-1.44675e-05,1.60199e-05,0,1.1073,1.1073,True,True,0,True
211,0.5,0.35,-1.44411e-05,1.59907e-05,0,1.1073,1.1073,True,True,0,True
212,0.8,0.5,-1.83566e-05,2.03264e-05,0,1.1073,1.1073,True,True,0,True
213,0.8,0.5,-1.83566e-05,2.03264e-05,0,1.1073,1.1073,True,True,0,True
214,0.8,0.5,-1.83566e-05,2.03264e-05,0,1.1073,1.1073,True,True,0,True
215,0.8,0.5,-1.83566e-05,2.03264e-05,0,1.1073,1.1073,True,True,0,True
216,0.5,0.35,-1.44411e-05,1.59907e-05,0,1.1073,1.1073,True,True,0,True
217,0.8,0.5,-1.83566e-05,2.03264e-05,0,1.1073,1.1073,True,True,0,True
219,0.8,0.5,-1.83566e-05,2.03264e-05,0,1.1073,1.1073,True,True,0,True
220,0.334449,0.732775,-2.00129e-05,2.21604e-05,0,1.1073,1.1073,True,True,0,True
221,0.8,0.5,-1.83566e-05,2.03264e-05,0,1.1073,1.1073,True,True,0,True
222,0.8,0.5,-1.83566e-05,2.03264e-05,0,1.1073,1.1073,True,True,0,True
223,0.8,0.5,-1.83566e-05,2.03264e-05,0,1.1073,1.1073,True,True,0,True
224,0.8,0.5,-1.83566e-05,2.03264e-05,0,1.1073,1.1073,True,True,0,True
225,0.8,0.5,-1.83566e-05,2.03264e-05,0,1.1073,1.1073,True,True,0,True
226,0.569861,0.384931,-1.53292e-05,1.69741e-05,0,1.1073,1.1073,True,True,0,True
227,0.8,0.5,-1.83566e-05,2.03264e-05,0,1.1073,1.1073,True,True,0,True
228,0.8,0.5,-1.83566e-05,2.03264e-05,0,1.1073,1.1073,True,True,0,True
229,0.8,0.5,-1.83566e-05,2.03264e-05,0,1.1073,1.1073,True,True,0,True
230,0.8,0.5,-1.83566e-05,2.03264e-05,0,1.1073,1.1073,True,True,0,True
231,0.8,0.5,-1.83566e-05,2.03264e-05,0,1.1073,1.1073,True,True,0,True
232,0.167452,0.816274,-1.92924e-05,2.13626e-05,0,1.1073,1.1073,True,True,0,True
233,0.8,0.5,-1.83566e-05,2.03264e-05,0,1.1073,1.1073,True,True,0,True
234,0.8,0.5,-1.83566e-05,2.03264e-05,0,1.1073,1.1073,True,True,0,True
235,0.8,0.5,-1.83566e-05,2.03264e-05,0,1.1073,1.1073,True,True,0,True
236,0.8,0.5,-1.83566e-05,2.03264e-05,0,1.1073,1.1073,True,True,0,True
237,0.8,0.5,-1.83566e-05,2.03264e-05,0,1.1073,1.1073,True,True,0,True
238,0.8,0.5,-1.83566e-05,2.03264e-05,0,1.1073,1.1073,True,True,0,True
239,0.356959,0.27848,-1.26232e-05,1.39777e-05,0,1.1073,1.1073,True,True,0,True
240,0.8,0.5,-1.83566e-05,2.03264e-05,0,1.1073,1.1073,True,True,0,True
242,0.8,0.5,-1.83566e-05,2.03264e-05,0,1.1073,1.1073,True,True,0,True
243,0.8,0.5,-1.83566e-05,2.03264e-05,0,1.1073,1.1073,True,True,0,True
244,0.8,0.5,-1.83566e-05,2.03264e-05,0,1.1073,1.1073,True,True,0,True
245,0.8,0.5,-1.83566e-05,2.03264e-05,0,1.1073,1.1073,True,True,0,True
246,0.0687639,0.134382,-8.09826e-06,8.96724e-06,0,1.1073,1.1073,True,True,0,True
247,0.725989,0.537005,-1.87491e-05,2.07609e-05,0,1.1073,1.1073,True,True,0,True
248,0.8,0.5,-1.83566e-05,2.03264e-05,0,1.1073,1.1073,True,True,0,True
250,0.8,0.5,-1.83566e-05,2.03264e-05,0,1.1073,1.1073,True,True,0,True
251,0.8,0.5,-1.83566e-05,2.03264e-05,0,1.1073,1.1073,True,True,0,True
252,0.8,0.5,-1.83566e-05,2.03264e-05,0,1.1073,1.1073,True,True,0,True
253,0.569861,0.384931,-1.53292e-05,1.69741e-05,0,1.1073,1.1073,True,True,0,True
254,0.8,0.5,-1.83566e-05,2.03264e-05,0,1.1073,1.1073,True,True,0,True
256,0.8,0.5,-1.83566e-05,2.03264e-05,0,1.1073,1.1073,True,True,0,True
257,0.8,0.5,-1.83566e-05,2.03264e-05,0,1.1073,1.1073,True,True,0,True
261,0.8,0.5,-1.83566e-05,2.03264e-05,0,1.1073,1.1073,True,True,0,True
262,0.8,0.5,-1.83566e-05,2.03264e-05,0,1.1073,1.1073,True,True,0,True
263,0.8,0.5,-1.83566e-05,2.03264e-05,0,1.1073,1.1073,True,True,0,True
264,0.8,0.5,-1.83566e-05,2.03264e-05,0,1.1073,1.1073,True,True,0,True
265,0.8,0.5,-1.83566e-05,2.03264e-05,0,1.1073,1.1073,True,True,0,True
267,0.397307,0.298653,-1.31397e-05,1.45496e-05,0,1.1073,1.1073,True,True,0,True
268,0.621807,0.410904,-1.59961e-05,1.77125e-05,0,1.1073,1.1073,True,True,0,True
269,0.601435,0.470847,-1.69241e-05,1.87401e-05,0,1.1073,1.1073,True,True,0,True
270,0.748426,0.525787,-1.86326e-05,2.06319e-05,0,1.1073,1.1073,True,True,0,True
271,0.8,0.5,-1.83566e-05,2.03264e-05,0,1.1073,1.1073,True,True,0,True
272,0.163232,0.259799,-1.07663e-05,1.19216e-05,0,1.1073,1.1073,True,True,0,True
273,0.8,0.5,-1.83566e-05,2.03264e-05,0,1.1073,1.1073,True,True,0,True
274,0.517726,0.641137,-1.96698e-05,2.17804e-05,0,1.1073,1.1073,True,True,0,True
275,0.8,0.5,-1.83566e-05,2.03264e-05,0,1.1073,1.1073,True,True,0,True
276,0.8,0.5,-1.83566e-05,2.03264e-05,0,1.1073,1.1073,True,True,0,True
277,0.8,0.5,-1.83566e-05,2.03264e-05,0,1.1073,1.1073,True,True,0,True
279,0.8,0.5,-1.83566e-05,2.03264e-05,0,1.1073,1.1073,True,True,0,True
280,0.8,0.5,-1.83566e-05,2.03264e-05,0,1.1073,1.1073,True,True,0,True
281,0.399554,0.299777,-1.31683e-05,1.45813e-05,0,1.1073,1.1073,True,True,0,True
282,0.528744,0.364372,-1.48056e-05,1.63943e-05,0,1.1073,1.1073,True,True,0,True
283,0.8,0.5,-1.83566e-05,2.03264e-05,0,1.1073,1.1073,True,True,0,True
284,0.5,0.35,-1.44411e-05,1.59907e-05,0,1.1073,1.1073,True,True,0,True
285,0.8,0.5,-1.83566e-05,2.03264e-05,0,1.1073,1.1073,True,True,0,True
286,0.8,0.5,-1.83566e-05,2.03264e-05,0,1.1073,1.1073,True,True,0,True
287,0.8,0.5,-1.83566e-05,2.03264e-05,0,1.1073,1.1073,True,True,0,True
288,0.8,0.5,-1.83566e-05,2.03264e-05,0,1.1073,1.1073,True,True,0,True
289,0.8,0.5,-1.83566e-05,2.03264e-05,0,1.1073,1.1073,True,True,0,True
290,0.339239,0.73038,-2.00138e-05,2.21614e-05,0,1.1073,1.1073,True,True,0,True
291,0.138358,0.399318,-1.20855e-05,1.33823e-05,0,1.1073,1.1073,True,True,0,True
292,0.8,0.5,-1.83566e-05,2.03264e-05,0,1.1073,1.1073,True,True,0,True
293,0.10947,0.154735,-8.98743e-06,9.95182e-06,0,1.1073,1.1073,True,True,0,True
295,0.8,0.5,-1.83566e-05,2.03264e-05,0,1.1073,1.1073,True,True,0,True
296,0.8,0.5,-1.83566e-05,2.03264e-05,0,1.1073,1.1073,True,True,0,True
297,0.8,0.5,-1.83566e-05,2.03264e-05,0,1.1073,1.1073,True,True,0,True
298,0.8,0.5,-1.83566e-05,2.03264e-05,0,1.1073,1.1073,True,True,0,True
299,0.8,0.5,-1.83566e-05,2.03264e-05,0,1.1073,1.1073,True,True,0,True
300,0.8,0.5,-1.83566e-05,2.03264e-05,0,1.1073,1.1073,True,True,0,True
301,0.8,0.5,-1.83566e-05,2.03264e-05,0,1.1073,1.1073,True,True,0,True
302,0.8,0.5,-1.83566e-05,2.03264e-05,0,1.1073,1.1073,True,True,0,True
303,0.8,0.5,-1.83566e-05,2.03264e-05,0,1.1073,1.1073,True,True,0,True
304,0.8,0.5,-1.83566e-05,2.03264e-05,0,1.1073,1.1073,True,True,0,True
305,0.8,0.5,-1.83566e-05,2.03264e-05,0,1.1073,1.1073,True,True,0,True
306,0.276314,0.761843,-1.99358e-05,2.2075e-05,0,1.1073,1.1073,True,True,0,True
307,0.8,0.5,-1.83566e-05,2.03264e-05,0,1.1073,1.1073,True,True,0,True
308,0.8,0.5,-1.83566e-05,2.03264e-05,0,1.1073,1.1073,True,True,0,True
309,0.8,0.5,-1.83566e-05,2.03264e-05,0,1.1073,1.1073,True,True,0,True
310,0.8,0.5,-1.83566e-05,2.03264e-05,0,1.1073,1.1073,True,True,0,True
311,0.140807,0.829596,-1.89656e-05,2.10007e-05,0,1.1073,1.1073,True,True,0,True
312,0.8,0.5,-1.83566e-05,2.03264e-05,0,1.1073,1.1073,True,True,0,True
313,0.8,0.5,-1.83566e-05,2.03264e-05,0,1.1073,1.1073,True,True,0,True
314,0.281024,0.470651,-1.47714e-05,1.63565e-05,0,1.1073,1.1073,True,True,0,True
315,0.8,0.5,-1.83566e-05,2.03264e-05,0,1.1073,1.1073,True,True,0,True
316,0.26253,0.231265,-1.13768e-05,1.25976e-05,0,1.1073,1.1073,True,True,0,True
317,0.8,0.5,-1.83566e-05,2.03264e-05,0,1.1073,1.1073,True,True,0,True
318,0.466572,0.436575,-1.56077e-05,1.72825e-05,0,1.1073,1.1073,True,True,0,True
319,0.8,0.5,-1.83566e-05,2.03264e-05,0,1.1073,1.1073,True,True,0,True
320,0.8,0.5,-1.83566e-05,2.03264e-05,0,1.1073,1.1073,True,True,0,True
321,0.8,0.5,-1.83566e-05,2.03264e-05,0,1.1073,1.1073,True,True,0,True
322,0.8,0.5,-1.83566e-05,2.03264e-05,0,1.1073,1.1073,True,True,0,True
323,0.8,0.5,-1.83566e-05,2.03264e-05,0,1.1073,1.1073,True,True,0,True
325,0.8,0.5,-1.83566e-05,2.03264e-05,0,1.1073,1.1073,True,True,0,True
326,0.8,0.5,-1.83566e-05,2.03264e-05,0,1.1073,1.1073,True,True,0,True
327,0.8,0.5,-1.83566e-05,2.03264e-05,0,1.1073,1.1073,True,True,0,True
328,0.8,0.5,-1.83566e-05,2.03264e-05,0,1.1073,1.1073,True,True,0,True
329,0.8,0.5,-1.83566e-05,2.03264e-05,0,1.1073,1.1073,True,True,0,True
330,0.8,0.5,-1.83566e-05,2.03264e-05,0,1.1073,1.1073,True,True,0,True
331,0.8,0.5,-1.83566e-05,2.03264e-05,0,1.1073,1.1073,True,True,0,True
332,0.8,0.5,-1.83566e-05,2.03264e-05,0,1.1073,1.1073,True,True,0,True
333,0.8,0.5,-1.83566e-05,2.03264e-05,0,1.1073,1.1073,True,True,0,True
334,0.496808,0.651596,-1.9739e-05,2.18571e-05,0,1.1073,1.1073,True,True,0,True
335,0.8,0.5,-1.83566e-05,2.03264e-05,0,1.1073,1.1073,True,True,0,True
336,0.8,0.5,-1.83566e-05,2.03264e-05,0,1.1073,1.1073,True,True,0,True
337,0.8,0.5,-1.83566e-05,2.03264e-05,0,1.1073,1.1073,True,True,0,True
338,0.8,0.5,-1.83566e-05,2.03264e-05,0,1.1073,1.1073,True,True,0,True
339,0.254713,0.772643,-1.98701e-05,2.20023e-05,0,1.1073,1.1073,True,True,0,True
340,0.405173,0.697414,-1.99623e-05,2.21044e-05,0,1.1073,1.1073,True,True,0,True
341,0.8,0.5,-1.83566e-05,2.03264e-05,0,1.1073,1.1073,True,True,0,True
342,0.024312,0.887844,-1.47263e-05,1.63065e-05,0,1.1073,1.1073,True,True,0,True
343,0.8,0.5,-1.83566e-05,2.03264e-05,0,1.1073,1.1073,True,True,0,True
344,0.8,0.5,-1.83566e-05,2.03264e-05,0,1.1073,1.1073,True,True,0,True
345,0.8,0.5,-1.83566e-05,2.03264e-05,0,1.1073,1.1073,True,True,0,True
346,0.8,0.5,-1.83566e-05,2.03264e-05,0,1.1073,1.1073,True,True,0,True
347,0.8,0.5,-1.83566e-05,2.03264e-05,0,1.1073,1.1073,True,True,0,True
348,0.540346,0.629827,-1.95887e-05,2.16907e-05,0,1.1073,1.1073,True,True,0,True
349,0.8,0.5,-1.83566e-05,2.03264e-05,0,1.1073,1.1073,True,True,0,True
350,0.8,0.5,-1.83566e-05,2.03264e-05,0,1.1073,1.1073,True,True,0,True
351,0.8,0.5,-1.83566e-05,2.03264e-05,0,1.1073,1.1073,True,True,0,True
352,0.8,0.5,-1.83566e-05,2.03264e-05,0,1.1073,1.1073,True,True,0,True
353,0.8,0.5,-1.83566e-05,2.03264e-05,0,1.1073,1.1073,True,True,0,True
354,0.8,0.5,-1.83566e-05,2.03264e-05,0,1.1073,1.1073,True,True,0,True
355,0.2,0.5,-1.4332e-05,1.58699e-05,0,1.1073,1.1073,True,True,0,True
356,0.8,0.5,-1.83566e-05,2.03264e-05,0,1.1073,1.1073,True,True,0,True
357,0.8,0.5,-1.83566e-05,2.03264e-05,0,1.1073,1.1073,True,True,0,True
358,0.8,0.5,-1.83566e-05,2.03264e-05,0,1.1073,1.1073,True,True,0,True
359,0.126203,0.163101,-9.29915e-06,1.0297e-05,0,1.1073,1.1073,True,True,0,True
360,0.626715,0.413357,-1.60595e-05,1.77827e-05,0,1.1073,1.1073,True,True,0,True
361,0.125871,0.162935,-9.29317e-06,1.02904e-05,0,1.1073,1.1073,True,True,0,True
362,0.648108,0.424054,-1.63367e-05,1.80897e-05,0,1.1073,1.1073,True,True,0,True
363,0.8,0.5,-1.83566e-05,2.03264e-05,0,1.1073,1.1073,True,True,0,True
364,0.8,0.5,-1.83566e-05,2.03264e-05,0,1.1073,1.1073,True,True,0,True
365,0.8,0.5,-1.83566e-05,2.03264e-05,0,1.1073,1.1073,True,True,0,True
366,0.8,0.5,-1.83566e-05,2.03264e-05,0,1.1073,1.1073,True,True,0,True
367,0.8,0.5,-1.83566e-05,2.03264e-05,0,1.1073,1.1073,True,True,0,True
368,0.8,0.5,-1.83566e-05,2.03264e-05,0,1.1073,1.1073,True,True,0,True
369,0.8,0.5,-1.83566e-05,2.03264e-05,0,1.1073,1.1073,True,True,0,True
370,0.8,0.5,-1.83566e-05,2.03264e-05,0,1.1073,1.1073,True,True,0,True
371,0.569861,0.615069,-1.94744e-05,2.15641e-05,0,1.1073,1.1073,True,True,0,True
372,0.8,0.5,-1.83566e-05,2.03264e-05,0,1.1073,1.1073,True,True,0,True
373,0.8,0.5,-1.83566e-05,2.03264e-05,0,1.1073,1.1073,True,True,0,True
374,0.0851661,0.142583,-8.4856e-06,9.39614e-06,0,1.1073,1.1073,True,True,0,True
375,0.5,0.35,-1.44411e-05,1.59907e-05,0,1.1073,1.1073,True,True,0,True
376,0.8,0.5,-1.83566e-05,2.03264e-05,0,1.1073,1.1073,True,True,0,True
377,0.8,0.5,-1.83566e-05,2.03264e-05,0,1.1073,1.1073,True,True,0,True
378,0.8,0.5,-1.83566e-05,2.03264e-05,0,1.1073,1.1073,True,True,0,True
379,0.8,0.5,-1.83566e-05,2.03264e-05,0,1.1073,1.1073,True,True,0,True
380,0.8,0.5,-1.83566e-05,2.03264e-05,0,1.1073,1.1073,True,True,0,True
381,0.8,0.5,-1.83566e-05,2.03264e-05,0,1.1073,1.1073,True,True,0,True
382,0.8,0.5,-1.83566e-05,2.03264e-05,0,1.1073,1.1073,True,True,0,True
384,0.8,0.5,-1.83566e-05,2.03264e-05,0,1.1073,1.1073,True,True,0,True
385,0.8,0.5,-1.83566e-05,2.03264e-05,0,1.1073,1.1073,True,True,0,True
387,0.361089,0.719456,-2.00095e-05,2.21566e-05,0,1.1073,1.1073,True,True,0,True
388,0.8,0.5,-1.83566e-05,2.03264e-05,0,1.1073,1.1073,True,True,0,True
390,0.304352,0.252176,-1.19379e-05,1.32189e-05,0,1.1073,1.1073,True,True,0,True
391,0.101711,0.155177,-8.87433e-06,9.82658e-06,0,1.1073,1.1073,True,True,0,True
392,0.8,0.5,-1.83566e-05,2.03264e-05,0,1.1073,1.1073,True,True,0,True
393,0.8,0.5,-1.83566e-05,2.03264e-05,0,1.1073,1.1073,True,True,0,True
394,0.8,0.5,-1.83566e-05,2.03264e-05,0,1.1073,1.1073,True,True,0,True
395,0.8,0.5,-1.83566e-05,2.03264e-05,0,1.1073,1.1073,True,True,0,True
396,0.8,0.5,-1.83566e-05,2.03264e-05,0,1.1073,1.1073,True,True,0,True
397,0.15766,0.82117,-1.91834e-05,2.12419e-05,0,1.1073,1.1073,True,True,0,True
398,0.8,0.5,-1.83566e-05,2.03264e-05,0,1.1073,1.1073,True,True,0,True
399,0.8,0.5,-1.83566e-05,2.03264e-05,0,1.1073,1.1073,True,True,0,True
401,0.8,0.5,-1.83566e-05,2.03264e-05,0,1.1073,1.1073,True,True,0,True
402,0.8,0.5,-1.83566e-05,2.03264e-05,0,1.1073,1.1073,True,True,0,True
404,0.8,0.5,-1.83566e-05,2.03264e-05,0,1.1073,1.1073,True,True,0,True
405,0.0273804,0.11369,-6.72433e-06,7.44588e-06,0,1.1073,1.1073,True,True,0,True
406,0.146993,0.173497,-9.65966e-06,1.06962e-05,0,1.1073,1.1073,True,True,0,True
407,0.8,0.5,-1.83566e-05,2.03264e-05,0,1.1073,1.1073,True,True,0,True
408,0.8,0.5,-1.83566e-05,2.03264e-05,0,1.1073,1.1073,True,True,0,True
409,0.8,0.5,-1.83566e-05,2.03264e-05,0,1.1073,1.1073,True,True,0,True
410,0.8,0.5,-1.83566e-05,2.03264e-05,0,1.1073,1.1073,True,True,0,True
411,0.8,0.5,-1.83566e-05,2.03264e-05,0,1.1073,1.1073,True,True,0,True
412,0.8,0.5,-1.83566e-05,2.03264e-05,0,1.1073,1.1073,True,True,0,True
413,0.8,0.5,-1.83566e-05,2.03264e-05,0,1.1073,1.1073,True,True,0,True
414,0.8,0.5,-1.83566e-05,2.03264e-05,0,1.1073,1.1073,True,True,0,True
415,0.324137,0.492207,-1.54962e-05,1.7159e-05,0,1.1073,1.1073,True,True,0,True
416,0.8,0.5,-1.83566e-05,2.03264e-05,0,1.1073,1.1073,True,True,0,True
417,0.325373,0.362042,-1.35434e-05,1.49967e-05,0,1.1073,1.1073,True,True,0,True
418,0.8,0.5,-1.83566e-05,2.03264e-05,0,1.1073,1.1073,True,True,0,True
419,0.8,0.5,-1.83566e-05,2.03264e-05,0,1.1073,1.1073,True,True,0,True
420,0.8,0.5,-1.83566e-05,2.03264e-05,0,1.1073,1.1073,True,True,0,True
421,0.8,0.5,-1.83566e-05,2.03264e-05,0,1.1073,1.1073,True,True,0,True
422,0.469646,0.665177,-1.98198e-05,2.19466e-05,0,1.1073,1.1073,True,True,0,True
423,0.8,0.5,-1.83566e-05,2.03264e-05,0,1.1073,1.1073,True,True,0,True
424,0.8,0.5,-1.83566e-05,2.03264e-05,0,1.1073,1.1073,True,True,0,True
425,0.8,0.5,-1.83566e-05,2.03264e-05,0,1.1073,1.1073,True,True,0,True
426,0.8,0.5,-1.83566e-05,2.03264e-05,0,1.1073,1.1073,True,True,0,True
427,0.8,0.5,-1.83566e-05,2.03264e-05,0,1.1073,1.1073,True,True,0,True
428,0.8,0.5,-1.83566e-05,2.03264e-05,0,1.1073,1.1073,True,True,0,True
429,0.8,0.5,-1.83566e-05,2.03264e-05,0,1.1073,1.1073,True,True,0,True
430,0.5,0.35,-1.44411e-05,1.59907e-05,0,1.1073,1.1073,True,True,0,True
431,0.8,0.5,-1.83566e-05,2.03264e-05,0,1.1073,1.1073,True,True,0,True
432,0.8,0.5,-1.83566e-05,2.03264e-05,0,1.1073,1.1073,True,True,0,True
433,0.490873,0.654564,-1.97576e-05,2.18777e-05,0,1.1073,1.1073,True,True,0,True
434,0.8,0.5,-1.83566e-05,2.03264e-05,0,1.1073,1.1073,True,True,0,True
435,0.8,0.5,-1.83566e-05,2.03264e-05,0,1.1073,1.1073,True,True,0,True
436,0.571002,0.385501,-1.53437e-05,1.69902e-05,0,1.1073,1.1073,True,True,0,True
437,0.8,0.5,-1.83566e-05,2.03264e-05,0,1.1073,1.1073,True,True,0,True
438,0.12202,0.83899,-1.86683e-05,2.06715e-05,0,1.1073,1.1073,True,True,0,True
439,0.504167,0.647916,-1.97153e-05,2.18309e-05,0,1.1073,1.1073,True,True,0,True
440,0.8,0.5,-1.83566e-05,2.03264e-05,0,1.1073,1.1073,True,True,0,True
441,0.8,0.5,-1.83566e-05,2.03264e-05,0,1.1073,1.1073,True,True,0,True
442,0.8,0.5,-1.83566e-05,2.03264e-05,0,1.1073,1.1073,True,True,0,True
444,0.8,0.5,-1.83566e-05,2.03264e-05,0,1.1073,1.1073,True,True,0,True
445,0.8,0.5,-1.83566e-05,2.03264e-05,0,1.1073,1.1073,True,True,0,True
446,0.0472534,0.876373,-1.63846e-05,1.81428e-05,0,1.1073,1.1073,True,True,0,True
447,0.8,0.5,-1.83566e-05,2.03264e-05,0,1.1073,1.1073,True,True,0,True
448,0.400905,0.300452,-1.31855e-05,1.46004e-05,0,1.1073,1.1073,True,True,0,True
449,0.8,0.5,-1.83566e-05,2.03264e-05,0,1.1073,1.1073,True,True,0,True
450,0.8,0.5,-1.83566e-05,2.03264e-05,0,1.1073,1.1073,True,True,0,True
451,0.8,0.5,-1.83566e-05,2.03264e-05,0,1.1073,1.1073,True,True,0,True
452,0.8,0.5,-1.83566e-05,2.03264e-05,0,1.1073,1.1073,True,True,0,True
453,0.8,0.5,-1.83566e-05,2.03264e-05,0,1.1073,1.1073,True,True,0,True
454,0.8,0.5,-1.83566e-05,2.03264e-05,0,1.1073,1.1073,True,True,0,True
455,0.526522,0.363261,-1.47774e-05,1.63631e-05,0,1.1073,1.1073,True,True,0,True
456,0.8,0.5,-1.83566e-05,2.03264e-05,0,1.1073,1.1073,True,True,0,True
457,0.0412696,0.420635,-9.95628e-06,1.10246e-05,0,1.1073,1.1073,True,True,0,True
458,0.8,0.5,-1.83566e-05,2.03264e-05,0,1.1073,1.1073,True,True,0,True
459,0.8,0.5,-1.83566e-05,2.03264e-05,0,1.1073,1.1073,True,True,0,True
460,0.8,0.5,-1.83566e-05,2.03264e-05,0,1.1073,1.1073,True,True,0,True
462,0.8,0.5,-1.83566e-05,2.03264e-05,0,1.1073,1.1073,True,True,0,True
463,0.8,0.5,-1.83566e-05,2.03264e-05,0,1.1073,1.1073,True,True,0,True
464,0.116567,0.841717,-1.85692e-05,2.05617e-05,0,1.1073,1.1073,True,True,0,True
465,0.250899,0.774551,-1.9856e-05,2.19867e-05,0,1.1073,1.1073,True,True,0,True
466,0.27086,0.465569,-1.45973e-05,1.61636e-05,0,1.1073,1.1073,True,True,0,True
467,0.8,0.5,-1.83566e-05,2.03264e-05,0,1.1073,1.1073,True,True,0,True
468,0.8,0.5,-1.83566e-05,2.03264e-05,0,1.1073,1.1073,True,True,0,True
469,0.8,0.5,-1.83566e-05,2.03264e-05,0,1.1073,1.1073,True,True,0,True
471,0.8,0.5,-1.83566e-05,2.03264e-05,0,1.1073,1.1073,True,True,0,True
472,0.8,0.5,-1.83566e-05,2.03264e-05,0,1.1073,1.1073,True,True,0,True
474,0.8,0.5,-1.83566e-05,2.03264e-05,0,1.1073,1.1073,True,True,0,True
475,0.8,0.5,-1.83566e-05,2.03264e-05,0,1.1073,1.1073,True,True,0,True
476,0.8,0.5,-1.83566e-05,2.03264e-05,0,1.1073,1.1073,True,True,0,True
477,0.8,0.5,-1.83566e-05,2.03264e-05,0,1.1073,1.1073,True,True,0,True
478,0.8,0.5,-1.83566e-05,2.03264e-05,0,1.1073,1.1073,True,True,0,True
479,0.8,0.5,-1.83566e-05,2.03264e-05,0,1.1073,1.1073,True,True,0,True
480,0.8,0.5,-1.83566e-05,2.03264e-05,0,1.1073,1.1073,True,True,0,True
481,0.253758,0.773121,-1.98667e-05,2.19985e-05,0,1.1073,1.1073,True,True,0,True
482,0.8,0.5,-1.83566e-05,2.03264e-05,0,1.1073,1.1073,True,True,0,True
483,0.177765,0.188883,-1.01543e-05,1.12439e-05,0,1.1073,1.1073,True,True,0,True
484,0.8,0.5,-1.83566e-05,2.03264e-05,0,1.1073,1.1073,True,True,0,True
485,0.8,0.5,-1.83566e-05,2.03264e-05,0,1.1073,1.1073,True,True,0,True
486,0.8,0.5,-1.83566e-05,2.03264e-05,0,1.1073,1.1073,True,True,0,True
487,0.513485,0.643258,-1.96843e-05,2.17965e-05,0,1.1073,1.1073,True,True,0,True
488,0.8,0.5,-1.83566e-05,2.03264e-05,0,1.1073,1.1073,True,True,0,True
489,0.8,0.5,-1.83566e-05,2.03264e-05,0,1.1073,1.1073,True,True,0,True
490,0.8,0.5,-1.83566e-05,2.03264e-05,0,1.1073,1.1073,True,True,0,True
491,0.8,0.5,-1.83566e-05,2.03264e-05,0,1.1073,1.1073,True,True,0,True
492,0.8,0.5,-1.83566e-05,2.03264e-05,0,1.1073,1.1073,True,True,0,True
493,0.8,0.5,-1.83566e-05,2.03264e-05,0,1.1073,1.1073,True,True,0,True
494,0.8,0.5,-1.83566e-05,2.03264e-05,0,1.1073,1.1073,True,True,0,True
495,0.8,0.5,-1.83566e-05,2.03264e-05,0,1.1073,1.1073,True,True,0,True
496,0.8,0.5,-1.83566e-05,2.03264e-05,0,1.1073,1.1073,True,True,0,True
497,0.8,0.5,-1.83566e-05,2.03264e-05,0,1.1073,1.1073,True,True,0,True
498,0.8,0.5,-1.83566e-05,2.03264e-05,0,1.1073,1.1073,True,True,0,True
499,0.8,0.5,-1.83566e-05,2.03264e-05,0,1.1073,1.1073,True,True,0,True
500,0.8,0.5,-1.83566e-05,2.03264e-05,0,1.1073,1.1073,True,True,0,True
501,0.8,0.5,-1.83566e-05,2.03264e-05,0,1.1073,1.1073,True,True,0,True
502,0.8,0.5,-1.83566e-05,2.03264e-05,0,1.1073,1.1073,True,True,0,True
503,0.8,0.5,-1.83566e-05,2.03264e-05,0,1.1073,1.1073,True,True,0,True
504,0.8,0.5,-1.83566e-05,2.03264e-05,0,1.1073,1.1073,True,True,0,True
505,0.02155,0.889225,-1.44333e-05,1.59821e-05,0,1.1073,1.1073,True,True,0,True
506,0.8,0.5,-1.83566e-05,2.03264e-05,0,1.1073,1.1073,True,True,0,True
507,0.239933,0.219967,-1.10647e-05,1.2252e-05,0,1.1073,1.1073,True,True,0,True
508,0.8,0.5,-1.83566e-05,2.03264e-05,0,1.1073,1.1073,True,True,0,True
509,0.8,0.5,-1.83566e-05,2.03264e-05,0,1.1073,1.1073,True,True,0,True
510,0.8,0.5,-1.83566e-05,2.03264e-05,0,1.1073,1.1073,True,True,0,True
511,0.119366,0.840317,-1.86209e-05,2.0619e-05,0,1.1073,1.1073,True,True,0,True
512,0.8,0.5,-1.83566e-05,2.03264e-05,0,1.1073,1.1073,True,True,0,True
513,0.422842,0.311421,-1.34642e-05,1.4909e-05,0,1.1073,1.1073,True,True,0,True
514,0.8,0.5,-1.83566e-05,2.03264e-05,0,1.1073,1.1073,True,True,0,True
515,0.8,0.5,-1.83566e-05,2.03264e-05,0,1.1073,1.1073,True,True,0,True
516,0.793112,0.496556,-1.82628e-05,2.02224e-05,0,1.1073,1.1073,True,True,0,True
517,0.8,0.5,-1.83566e-05,2.03264e-05,0,1.1073,1.1073,True,True,0,True
518,0.339722,0.5,-1.57538e-05,1.74443e-05,0,1.1073,1.1073,True,True,0,True
519,0.8,0.5,-1.83566e-05,2.03264e-05,0,1.1073,1.1073,True,True,0,True
520,0.0646858,0.132343,-7.99338e-06,8.85111e-06,0,1.1073,1.1073,True,True,0,True
522,0.8,0.5,-1.83566e-05,2.03264e-05,0,1.1073,1.1073,True,True,0,True
523,0.8,0.5,-1.83566e-05,2.03264e-05,0,1.1073,1.1073,True,True,0,True
524,0.356091,0.721954,-2.00117e-05,2.2159e-05,0,1.1073,1.1073,True,True,0,True
525,0.8,0.5,-1.83566e-05,2.03264e-05,0,1.1073,1.1073,True,True,0,True
526,0.8,0.5,-1.83566e-05,2.03264e-05,0,1.1073,1.1073,True,True,0,True
529,0.8,0.5,-1.83566e-05,2.03264e-05,0,1.1073,1.1073,True,True,0,True
530,0.8,0.5,-1.83566e-05,2.03264e-05,0,1.1073,1.1073,True,True,0,True
531,0.8,0.5,-1.83566e-05,2.03264e-05,0,1.1073,1.1073,True,True,0,True
532,0.8,0.5,-1.83566e-05,2.03264e-05,0,1.1073,1.1073,True,True,0,True
533,0.447366,0.323683,-1.3775e-05,1.52531e-05,0,1.1073,1.1073,True,True,0,True
534,0.8,0.5,-1.83566e-05,2.03264e-05,0,1.1073,1.1073,True,True,0,True
535,0.8,0.5,-1.83566e-05,2.03264e-05,0,1.1073,1.1073,True,True,0,True
536,0.272026,0.763987,-1.99246e-05,2.20626e-05,0,1.1073,1.1073,True,True,0,True
537,0.569861,0.615069,-1.94744e-05,2.15641e-05,0,1.1073,1.1073,True,True,0,True
539,0.8,0.5,-1.83566e-05,2.03264e-05,0,1.1073,1.1073,True,True,0,True
540,0.769018,0.484509,-1.79363e-05,1.9861e-05,0,1.1073,1.1073,True,True,0,True
541,0.8,0.5,-1.83566e-05,2.03264e-05,0,1.1073,1.1073,True,True,0,True
542,0.8,0.5,-1.83566e-05,2.03264e-05,0,1.1073,1.1073,True,True,0,True
543,0.8,0.5,-1.83566e-05,2.03264e-05,0,1.1073,1.1073,True,True,0,True
544,0.0881373,0.374208,-1.08632e-05,1.20289e-05,0,1.1073,1.1073,True,True,0,True
545,0.8,0.5,-1.83566e-05,2.03264e-05,0,1.1073,1.1073,True,True,0,True
546,0.8,0.5,-1.83566e-05,2.03264e-05,0,1.1073,1.1073,True,True,0,True
547,0.8,0.5,-1.83566e-05,2.03264e-05,0,1.1073,1.1073,True,True,0,True
548,0.236074,0.218037,-1.10106e-05,1.21921e-05,0,1.1073,1.1073,True,True,0,True
549,0.8,0.5,-1.83566e-05,2.03264e-05,0,1.1073,1.1073,True,True,0,True
550,0.8,0.5,-1.83566e-05,2.03264e-05,0,1.1073,1.1073,True,True,0,True
551,0.8,0.5,-1.83566e-05,2.03264e-05,0,1.1073,1.1073,True,True,0,True
552,0.288033,0.244016,-1.17211e-05,1.29789e-05,0,1.1073,1.1073,True,True,0,True
553,0.486156,0.343078,-1.42659e-05,1.57967e-05,0,1.1073,1.1073,True,True,0,True
554,0.8,0.5,-1.83566e-05,2.03264e-05,0,1.1073,1.1073,True,True,0,True
559,0.5,0.65,-1.97288e-05,2.18458e-05,0,1.1073,1.1073,True,True,0,True
560,0.482355,0.658823,-1.97834e-05,2.19062e-05,0,1.1073,1.1073,True,True,0,True
561,0.692502,0.553749,-1.89182e-05,2.09483e-05,0,1.1073,1.1073,True,True,0,True
562,0.8,0.5,-1.83566e-05,2.03264e-05,0,1.1073,1.1073,True,True,0,True
563,0.389071,0.294535,-1.30347e-05,1.44334e-05,0,1.1073,1.1073,True,True,0,True
564,0.036975,0.118488,-7.1303e-06,7.89542e-06,0,1.1073,1.1073,True,True,0,True
566,0.8,0.5,-1.83566e-05,2.03264e-05,0,1.1073,1.1073,True,True,0,True
567,0.8,0.5,-1.83566e-05,2.03264e-05,0,1.1073,1.1073,True,True,0,True
568,0.8,0.5,-1.83566e-05,2.03264e-05,0,1.1073,1.1073,True,True,0,True
569,0.8,0.5,-1.83566e-05,2.03264e-05,0,1.1073,1.1073,True,True,0,True
570,0.8,0.5,-1.83566e-05,2.03264e-05,0,1.1073,1.1073,True,True,0,True
571,0.8,0.5,-1.83566e-05,2.03264e-05,0,1.1073,1.1073,True,True,0,True
572,0.8,0.5,-1.83566e-05,2.03264e-05,0,1.1073,1.1073,True,True,0,True
573,0.8,0.5,-1.83566e-05,2.03264e-05,0,1.1073,1.1073,True,True,0,True
574,0.478082,0.339041,-1.41637e-05,1.56835e-05,0,1.1073,1.1073,True,True,0,True
575,0.0876596,0.44383,-1.16676e-05,1.29196e-05,0,1.1073,1.1073,True,True,0,True
576,0.8,0.5,-1.83566e-05,2.03264e-05,0,1.1073,1.1073,True,True,0,True
577,0.8,0.5,-1.83566e-05,2.03264e-05,0,1.1073,1.1073,True,True,0,True
578,0.8,0.5,-1.83566e-05,2.03264e-05,0,1.1073,1.1073,True,True,0,True
579,0.8,0.5,-1.83566e-05,2.03264e-05,0,1.1073,1.1073,True,True,0,True
580,0.8,0.5,-1.83566e-05,2.03264e-05,0,1.1073,1.1073,True,True,0,True
581,0.8,0.5,-1.83566e-05,2.03264e-05,0,1.1073,1.1073,True,True,0,True
582,0.418169,0.309085,-1.34049e-05,1.48433e-05,0,1.1073,1.1073,True,True,0,True
583,0.8,0.5,-1.83566e-05,2.03264e-05,0,1.1073,1.1073,True,True,0,True
584,0.599786,0.399893,-1.57125e-05,1.73985e-05,0,1.1073,1.1073,True,True,0,True
585,0.8,0.5,-1.83566e-05,2.03264e-05,0,1.1073,1.1073,True,True,0,True
586,0.8,0.5,-1.83566e-05,2.03264e-05,0,1.1073,1.1073,True,True,0,True
587,0.787965,0.493982,-1.81928e-05,2.0145e-05,0,1.1073,1.1073,True,True,0,True
588,0.569861,0.384931,-1.53292e-05,1.69741e-05,0,1.1073,1.1073,True,True,0,True
589,0.8,0.5,-1.83566e-05,2.03264e-05,0,1.1073,1.1073,True,True,0,True
590,0.8,0.5,-1.83566e-05,2.03264e-05,0,1.1073,1.1073,True,True,0,True
591,0.8,0.5,-1.83566e-05,2.03264e-05,0,1.1073,1.1073,True,True,0,True
592,0.363433,0.672233,-1.90725e-05,2.11191e-05,0,1.1073,1.1073,True,True,0,True
593,0.569861,0.615069,-1.94744e-05,2.15641e-05,0,1.1073,1.1073,True,True,0,True
594,0.8,0.5,-1.83566e-05,2.03264e-05,0,1.1073,1.1073,True,True,0,True
596,0.0569375,0.871531,-1.68541e-05,1.86626e-05,0,1.1073,1.1073,True,True,0,True
597,0.8,0.5,-1.83566e-05,2.03264e-05,0,1.1073,1.1073,True,True,0,True
598,0.8,0.5,-1.83566e-05,2.03264e-05,0,1.1073,1.1073,True,True,0,True
599,0.444072,0.322036,-1.37333e-05,1.52069e-05,0,1.1073,1.1073,True,True,0,True
600,0.8,0.5,-1.83566e-05,2.03264e-05,0,1.1073,1.1073,True,True,0,True
601,0.8,0.5,-1.83566e-05,2.03264e-05,0,1.1073,1.1073,True,True,0,True
602,0.8,0.5,-1.83566e-05,2.03264e-05,0,1.1073,1.1073,True,True,0,True
603,0.569861,0.615069,-1.94744e-05,2.15641e-05,0,1.1073,1.1073,True,True,0,True
604,0.8,0.5,-1.83566e-05,2.03264e-05,0,1.1073,1.1073,True,True,0,True
605,0.8,0.5,-1.83566e-05,2.03264e-05,0,1.1073,1.1073,True,True,0,True
606,0.600055,0.599973,-1.93486e-05,2.14248e-05,0,1.1073,1.1073,True,True,0,True
608,0.500554,0.649723,-1.9727e-05,2.18438e-05,0,1.1073,1.1073,True,True,0,True
609,0.8,0.5,-1.83566e-05,2.03264e-05,0,1.1073,1.1073,True,True,0,True
611,0.8,0.5,-1.83566e-05,2.03264e-05,0,1.1073,1.1073,True,True,0,True
612,0.8,0.5,-1.83566e-05,2.03264e-05,0,1.1073,1.1073,True,True,0,True
613,0.440421,0.320211,-1.3687e-05,1.51557e-05,0,1.1073,1.1073,True,True,0,True
615,0.617471,0.408735,-1.59401e-05,1.76506e-05,0,1.1073,1.1073,True,True,0,True
616,0.8,0.5,-1.83566e-05,2.03264e-05,0,1.1073,1.1073,True,True,0,True
617,0.0997105,0.850145,-1.82175e-05,2.01723e-05,0,1.1073,1.1073,True,True,0,True
618,0.8,0.5,-1.83566e-05,2.03264e-05,0,1.1073,1.1073,True,True,0,True
619,0.8,0.5,-1.83566e-05,2.03264e-05,0,1.1073,1.1073,True,True,0,True
620,0.8,0.5,-1.83566e-05,2.03264e-05,0,1.1073,1.1073,True,True,0,True
621,0.8,0.5,-1.83566e-05,2.03264e-05,0,1.1073,1.1073,True,True,0,True
622,0.8,0.5,-1.83566e-05,2.03264e-05,0,1.1073,1.1073,True,True,0,True
624,0.8,0.5,-1.83566e-05,2.03264e-05,0,1.1073,1.1073,True,True,0,True
625,0.8,0.5,-1.83566e-05,2.03264e-05,0,1.1073,1.1073,True,True,0,True
626,0.8,0.5,-1.83566e-05,2.03264e-05,0,1.1073,1.1073,True,True,0,True
627,0.8,0.5,-1.83566e-05,2.03264e-05,0,1.1073,1.1073,True,True,0,True
628,0.8,0.5,-1.83566e-05,2.03264e-05,0,1.1073,1.1073,True,True,0,True
629,0.8,0.5,-1.83566e-05,2.03264e-05,0,1.1073,1.1073,True,True,0,True
630,0.8,0.5,-1.83566e-05,2.03264e-05,0,1.1073,1.1073,True,True,0,True
631,0.8,0.5,-1.83566e-05,2.03264e-05,0,1.1073,1.1073,True,True,0,True
632,0.8,0.5,-1.83566e-05,2.03264e-05,0,1.1073,1.1073,True,True,0,True
633,0.8,0.5,-1.83566e-05,2.03264e-05,0,1.1073,1.1073,True,True,0,True
634,0.286829,0.243414,-1.1705e-05,1.2961e-05,0,1.1073,1.1073,True,True,0,True
635,0.754828,0.477414,-1.77454e-05,1.96495e-05,0,1.1073,1.1073,True,True,0,True
636,0.8,0.5,-1.83566e-05,2.03264e-05,0,1.1073,1.1073,True,True,0,True
637,0.8,0.5,-1.83566e-05,2.03264e-05,0,1.1073,1.1073,True,True,0,True
638,0.8,0.5,-1.83566e-05,2.03264e-05,0,1.1073,1.1073,True,True,0,True
639,0.8,0.5,-1.83566e-05,2.03264e-05,0,1.1073,1.1073,True,True,0,True
640,0.8,0.5,-1.83566e-05,2.03264e-05,0,1.1073,1.1073,True,True,0,True
641,0.8,0.5,-1.83566e-05,2.03264e-05,0,1.1073,1.1073,True,True,0,True
642,0.8,0.5,-1.83566e-05,2.03264e-05,0,1.1073,1.1073,True,True,0,True
643,0.8,0.5,-1.83566e-05,2.03264e-05,0,1.1073,1.1073,True,True,0,True
644,0.127195,0.836403,-1.87567e-05,2.07694e-05,0,1.1073,1.1073,True,True,0,True
645,0.8,0.5,-1.83566e-05,2.03264e-05,0,1.1073,1.1073,True,True,0,True
646,0.8,0.5,-1.83566e-05,2.03264e-05,0,1.1073,1.1073,True,True,0,True
647,0.8,0.5,-1.83566e-05,2.03264e-05,0,1.1073,1.1073,True,True,0,True
649,0.569861,0.384931,-1.53292e-05,1.69741e-05,0,1.1073,1.1073,True,True,0,True
650,0.719622,0.459811,-1.72755e-05,1.91292e-05,0,1.1073,1.1073,True,True,0,True
651,0.387098,0.293549,-1.30095e-05,1.44055e-05,0,1.1073,1.1073,True,True,0,True
652,0.603715,0.401857,-1.5763e-05,1.74544e-05,0,1.1073,1.1073,True,True,0,True
653,0.8,0.5,-1.83566e-05,2.03264e-05,0,1.1073,1.1073,True,True,0,True
655,0.8,0.5,-1.83566e-05,2.03264e-05,0,1.1073,1.1073,True,True,0,True
656,0.8,0.5,-1.83566e-05,2.03264e-05,0,1.1073,1.1073,True,True,0,True
657,0.8,0.5,-1.83566e-05,2.03264e-05,0,1.1073,1.1073,True,True,0,True
658,0.8,0.5,-1.83566e-05,2.03264e-05,0,1.1073,1.1073,True,True,0,True
659,0.8,0.5,-1.83566e-05,2.03264e-05,0,1.1073,1.1073,True,True,0,True
660,0.8,0.5,-1.83566e-05,2.03264e-05,0,1.1073,1.1073,True,True,0,True
661,0.8,0.5,-1.83566e-05,2.03264e-05,0,1.1073,1.1073,True,True,0,True
662,0.8,0.5,-1.83566e-05,2.03264e-05,0,1.1073,1.1073,True,True,0,True
663,0.8,0.5,-1.83566e-05,2.03264e-05,0,1.1073,1.1073,True,True,0,True
664,0.8,0.5,-1.83566e-05,2.03264e-05,0,1.1073,1.1073,True,True,0,True
665,0.8,0.5,-1.83566e-05,2.03264e-05,0,1.1073,1.1073,True,True,0,True
666,0.8,0.5,-1.83566e-05,2.03264e-05,0,1.1073,1.1073,True,True,0,True
667,0.8,0.5,-1.83566e-05,2.03264e-05,0,1.1073,1.1073,True,True,0,True
668,0.8,0.5,-1.83566e-05,2.03264e-05,0,1.1073,1.1073,True,True,0,True
669,0.8,0.5,-1.83566e-05,2.03264e-05,0,1.1073,1.1073,True,True,0,True
670,0.8,0.5,-1.83566e-05,2.03264e-05,0,1.1073,1.1073,True,True,0,True
671,0.8,0.5,-1.83566e-05,2.03264e-05,0,1.1073,1.1073,True,True,0,True
672,0.692305,0.446153,-1.69146e-05,1.87296e-05,0,1.1073,1.1073,True,True,0,True
673,0.8,0.5,-1.83566e-05,2.03264e-05,0,1.1073,1.1073,True,True,0,True
674,0.8,0.5,-1.83566e-05,2.03264e-05,0,1.1073,1.1073,True,True,0,True
675,0.8,0.5,-1.83566e-05,2.03264e-05,0,1.1073,1.1073,True,True,0,True
677,0.28774,0.724759,-1.93208e-05,2.1394e-05,0,1.1073,1.1073,True,True,0,True
678,0.8,0.5,-1.83566e-05,2.03264e-05,0,1.1073,1.1073,True,True,0,True
679,0.3281,0.73595,-2.00105e-05,2.21577e-05,0,1.1073,1.1073,True,True,0,True
680,0.8,0.5,-1.83566e-05,2.03264e-05,0,1.1073,1.1073,True,True,0,True
681,0.0979873,0.148994,-8.75892e-06,9.6988e-06,0,1.1073,1.1073,True,True,0,True
682,0.8,0.5,-1.83566e-05,2.03264e-05,0,1.1073,1.1073,True,True,0,True
684,0.8,0.5,-1.83566e-05,2.03264e-05,0,1.1073,1.1073,True,True,0,True
686,0.8,0.5,-1.83566e-05,2.03264e-05,0,1.1073,1.1073,True,True,0,True
688,0.8,0.5,-1.83566e-05,2.03264e-05,0,1.1073,1.1073,True,True,0,True
690,0.8,0.5,-1.83566e-05,2.03264e-05,0,1.1073,1.1073,True,True,0,True
692,0.8,0.5,-1.83566e-05,2.03264e-05,0,1.1073,1.1073,True,True,0,True
693,0.5,0.35,-1.44411e-05,1.59907e-05,0,1.1073,1.1073,True,True,0,True
694,0.8,0.5,-1.83566e-05,2.03264e-05,0,1.1073,1.1073,True,True,0,True
695,0.8,0.5,-1.83566e-05,2.03264e-05,0,1.1073,1.1073,True,True,0,True
696,0.8,0.5,-1.83566e-05,2.03264e-05,0,1.1073,1.1073,True,True,0,True
697,0.8,0.5,-1.83566e-05,2.03264e-05,0,1.1073,1.1073,True,True,0,True
699,0.8,0.5,-1.83566e-05,2.03264e-05,0,1.1073,1.1073,True,True,0,True
700,0.8,0.5,-1.83566e-05,2.03264e-05,0,1.1073,1.1073,True,True,0,True
701,0.8,0.5,-1.83566e-05,2.03264e-05,0,1.1073,1.1073,True,True,0,True
702,0.8,0.5,-1.83566e-05,2.03264e-05,0,1.1073,1.1073,True,True,0,True
703,0.5,0.65,-1.97288e-05,2.18458e-05,0,1.1073,1.1073,True,True,0,True
704,0.8,0.5,-1.83566e-05,2.03264e-05,0,1.1073,1.1073,True,True,0,True
705,0.8,0.5,-1.83566e-05,2.03264e-05,0,1.1073,1.1073,True,True,0,True
706,0.8,0.5,-1.83566e-05,2.03264e-05,0,1.1073,1.1073,True,True,0,True
707,0.8,0.5,-1.83566e-05,2.03264e-05,0,1.1073,1.1073,True,True,0,True
708,0.569861,0.615069,-1.94744e-05,2.15641e-05,0,1.1073,1.1073,True,True,0,True
709,0.569861,0.615069,-1.94744e-05,2.15641e-05,0,1.1073,1.1073,True,True,0,True
710,0.149106,0.825447,-1.9078e-05,2.11251e-05,0,1.1073,1.1073,True,True,0,True
711,0.270527,0.561324,-1.61222e-05,1.78522e-05,0,1.1073,1.1073,True,True,0,True
712,0.52486,0.592569,-1.87466e-05,2.07582e-05,0,1.1073,1.1073,True,True,0,True
713,0.543135,0.398294,-1.5411e-05,1.70646e-05,0,1.1073,1.1073,True,True,0,True
714,0.8,0.5,-1.83566e-05,2.03264e-05,0,1.1073,1.1073,True,True,0,True
715,0.8,0.5,-1.83566e-05,2.03264e-05,0,1.1073,1.1073,True,True,0,True
716,0.8,0.5,-1.83566e-05,2.03264e-05,0,1.1073,1.1073,True,True,0,True
717,0.8,0.5,-1.83566e-05,2.03264e-05,0,1.1073,1.1073,True,True,0,True
718,0.8,0.5,-1.83566e-05,2.03264e-05,0,1.1073,1.1073,True,True,0,True
719,0.8,0.5,-1.83566e-05,2.03264e-05,0,1.1073,1.1073,True,True,0,True
720,0.8,0.5,-1.83566e-05,2.03264e-05,0,1.1073,1.1073,True,True,0,True
722,0.591361,0.39568,-1.56043e-05,1.72787e-05,0,1.1073,1.1073,True,True,0,True
723,0.735301,0.467651,-1.74841e-05,1.93602e-05,0,1.1073,1.1073,True,True,0,True
724,0.8,0.5,-1.83566e-05,2.03264e-05,0,1.1073,1.1073,True,True,0,True
725,0.8,0.5,-1.83566e-05,2.03264e-05,0,1.1073,1.1073,True,True,0,True
726,0.469354,0.564816,-1.78535e-05,1.97692e-05,0,1.1073,1.1073,True,True,0,True
727,0.538973,0.527512,-1.76034e-05,1.94923e-05,0,1.1073,1.1073,True,True,0,True
728,0.670368,0.564816,-1.90266e-05,2.10682e-05,0,1.1073,1.1073,True,True,0,True
729,0.353434,0.723283,-2.00126e-05,2.216e-05,0,1.1073,1.1073,True,True,0,True
730,0.8,0.5,-1.83566e-05,2.03264e-05,0,1.1073,1.1073,True,True,0,True
731,0.8,0.5,-1.83566e-05,2.03264e-05,0,1.1073,1.1073,True,True,0,True
733,0.8,0.5,-1.83566e-05,2.03264e-05,0,1.1073,1.1073,True,True,0,True
734,0.8,0.5,-1.83566e-05,2.03264e-05,0,1.1073,1.1073,True,True,0,True
735,0.554914,0.377457,-1.51385e-05,1.67629e-05,0,1.1073,1.1073,True,True,0,True
736,0.8,0.5,-1.83566e-05,2.03264e-05,0,1.1073,1.1073,True,True,0,True
737,0.8,0.5,-1.83566e-05,2.03264e-05,0,1.1073,1.1073,True,True,0,True
738,0.8,0.5,-1.83566e-05,2.03264e-05,0,1.1073,1.1073,True,True,0,True
740,0.8,0.5,-1.83566e-05,2.03264e-05,0,1.1073,1.1073,True,True,0,True
741,0.8,0.5,-1.83566e-05,2.03264e-05,0,1.1073,1.1073,True,True,0,True
742,0.8,0.5,-1.83566e-05,2.03264e-05,0,1.1073,1.1073,True,True,0,True
744,0.8,0.5,-1.83566e-05,2.03264e-05,0,1.1073,1.1073,True,True,0,True
745,0.2,0.5,-1.4332e-05,1.58699e-05,0,1.1073,1.1073,True,True,0,True
746,0.8,0.5,-1.83566e-05,2.03264e-05,0,1.1073,1.1073,True,True,0,True
747,0.8,0.5,-1.83566e-05,2.03264e-05,0,1.1073,1.1073,True,True,0,True
748,0.653825,0.426912,-1.64111e-05,1.81721e-05,0,1.1073,1.1073,True,True,0,True
749,0.282119,0.241059,-1.16419e-05,1.28912e-05,0,1.1073,1.1073,True,True,0,True
750,0.8,0.5,-1.83566e-05,2.03264e-05,0,1.1073,1.1073,True,True,0,True
751,0.5,0.35,-1.44411e-05,1.59907e-05,0,1.1073,1.1073,True,True,0,True
752,0.021559,0.88922,-1.44343e-05,1.59832e-05,0,1.1073,1.1073,True,True,0,True
753,0.8,0.5,-1.83566e-05,2.03264e-05,0,1.1073,1.1073,True,True,0,True
755,0.8,0.5,-1.83566e-05,2.03264e-05,0,1.1073,1.1073,True,True,0,True
756,0.8,0.5,-1.83566e-05,2.03264e-05,0,1.1073,1.1073,True,True,0,True
759,0.8,0.5,-1.83566e-05,2.03264e-05,0,1.1073,1.1073,True,True,0,True
761,0.8,0.5,-1.83566e-05,2.03264e-05,0,1.1073,1.1073,True,True,0,True
762,0.8,0.5,-1.83566e-05,2.03264e-05,0,1.1073,1.1073,True,True,0,True
764,0.8,0.5,-1.83566e-05,2.03264e-05,0,1.1073,1.1073,True,True,0,True
765,0.8,0.5,-1.83566e-05,2.03264e-05,0,1.1073,1.1073,True,True,0,True
766,0.8,0.5,-1.83566e-05,2.03264e-05,0,1.1073,1.1073,True,True,0,True
767,0.8,0.5,-1.83566e-05,2.03264e-05,0,1.1073,1.1073,True,True,0,True
768,0.8,0.5,-1.83566e-05,2.03264e-05,0,1.1073,1.1073,True,True,0,True
769,0.8,0.5,-1.83566e-05,2.03264e-05,0,1.1073,1.1073,True,True,0,True
771,0.8,0.5,-1.83566e-05,2.03264e-05,0,1.1073,1.1073,True,True,0,True
772,0.8,0.5,-1.83566e-05,2.03264e-05,0,1.1073,1.1073,True,True,0,True
773,0.8,0.5,-1.83566e-05,2.03264e-05,0,1.1073,1.1073,True,True,0,True
774,0.8,0.5,-1.83566e-05,2.03264e-05,0,1.1073,1.1073,True,True,0,True
775,0.130221,0.83489,-1.8806e-05,2.0824e-05,0,1.1073,1.1073,True,True,0,True
776,0.8,0.5,-1.83566e-05,2.03264e-05,0,1.1073,1.1073,True,True,0,True
777,0.627944,0.413972,-1.60754e-05,1.78003e-05,0,1.1073,1.1073,True,True,0,True
778,0.74734,0.47367,-1.7645e-05,1.95383e-05,0,1.1073,1.1073,True,True,0,True
779,0.8,0.5,-1.83566e-05,2.03264e-05,0,1.1073,1.1073,True,True,0,True
780,0.8,0.5,-1.83566e-05,2.03264e-05,0,1.1073,1.1073,True,True,0,True
781,0.8,0.5,-1.83566e-05,2.03264e-05,0,1.1073,1.1073,True,True,0,True
783,0.8,0.5,-1.83566e-05,2.03264e-05,0,1.1073,1.1073,True,True,0,True
784,0.744276,0.527862,-1.86543e-05,2.0656e-05,0,1.1073,1.1073,True,True,0,True
785,0.8,0.5,-1.83566e-05,2.03264e-05,0,1.1073,1.1073,True,True,0,True
786,0.8,0.5,-1.83566e-05,2.03264e-05,0,1.1073,1.1073,True,True,0,True
787,0.8,0.5,-1.83566e-05,2.03264e-05,0,1.1073,1.1073,True,True,0,True
788,0.8,0.5,-1.83566e-05,2.03264e-05,0,1.1073,1.1073,True,True,0,True
789,0.8,0.5,-1.83566e-05,2.03264e-05,0,1.1073,1.1073,True,True,0,True
790,0.8,0.5,-1.83566e-05,2.03264e-05,0,1.1073,1.1073,True,True,0,True
791,0.0237656,0.111883,-6.54417e-06,7.24639e-06,0,1.1073,1.1073,True,True,0,True
792,0.8,0.5,-1.83566e-05,2.03264e-05,0,1.1073,1.1073,True,True,0,True
793,0.395191,0.297596,-1.31127e-05,1.45198e-05,0,1.1073,1.1073,True,True,0,True
794,0.8,0.5,-1.83566e-05,2.03264e-05,0,1.1073,1.1073,True,True,0,True
795,0.155817,0.822091,-1.91615e-05,2.12177e-05,0,1.1073,1.1073,True,True,0,True
796,0.8,0.5,-1.83566e-05,2.03264e-05,0,1.1073,1.1073,True,True,0,True
797,0.8,0.5,-1.83566e-05,2.03264e-05,0,1.1073,1.1073,True,True,0,True
798,0.8,0.5,-1.83566e-05,2.03264e-05,0,1.1073,1.1073,True,True,0,True
799,0.8,0.5,-1.83566e-05,2.03264e-05,0,1.1073,1.1073,True,True,0,True
800,0.8,0.5,-1.83566e-05,2.03264e-05,0,1.1073,1.1073,True,True,0,True
801,0.592143,0.396072,-1.56144e-05,1.72899e-05,0,1.1073,1.1073,True,True,0,True
802,0.8,0.5,-1.83566e-05,2.03264e-05,0,1.1073,1.1073,True,True,0,True
803,0.8,0.5,-1.83566e-05,2.03264e-05,0,1.1073,1.1073,True,True,0,True
804,0.8,0.5,-1.83566e-05,2.03264e-05,0,1.1073,1.1073,True,True,0,True
805,0.8,0.5,-1.83566e-05,2.03264e-05,0,1.1073,1.1073,True,True,0,True
806,0.8,0.5,-1.83566e-05,2.03264e-05,0,1.1073,1.1073,True,True,0,True
808,0.8,0.5,-1.83566e-05,2.03264e-05,0,1.1073,1.1073,True,True,0,True
809,0.8,0.5,-1.83566e-05,2.03264e-05,0,1.1073,1.1073,True,True,0,True
810,0.8,0.5,-1.83566e-05,2.03264e-05,0,1.1073,1.1073,True,True,0,True
811,0.8,0.5,-1.83566e-05,2.03264e-05,0,1.1073,1.1073,True,True,0,True
812,0.8,0.5,-1.83566e-05,2.03264e-05,0,1.1073,1.1073,True,True,0,True
813,0.8,0.5,-1.83566e-05,2.03264e-05,0,1.1073,1.1073,True,True,0,True
814,0.8,0.5,-1.83566e-05,2.03264e-05,0,1.1073,1.1073,True,True,0,True
815,0.8,0.5,-1.83566e-05,2.03264e-05,0,1.1073,1.1073,True,True,0,True
816,0.8,0.5,-1.83566e-05,2.03264e-05,0,1.1073,1.1073,True,True,0,True
818,0.8,0.5,-1.83566e-05,2.03264e-05,0,1.1073,1.1073,True,True,0,True
819,0.8,0.5,-1.83566e-05,2.03264e-05,0,1.1073,1.1073,True,True,0,True
820,0.8,0.5,-1.83566e-05,2.03264e-05,0,1.1073,1.1073,True,True,0,True
821,0.8,0.5,-1.83566e-05,2.03264e-05,0,1.1073,1.1073,True,True,0,True
823,0.8,0.5,-1.83566e-05,2.03264e-05,0,1.1073,1.1073,True,True,0,True
824,0.8,0.5,-1.83566e-05,2.03264e-05,0,1.1073,1.1073,True,True,0,True
825,0.8,0.5,-1.83566e-05,2.03264e-05,0,1.1073,1.1073,True,True,0,True
826,0.8,0.5,-1.83566e-05,2.03264e-05,0,1.1073,1.1073,True,True,0,True
827,0.8,0.5,-1.83566e-05,2.03264e-05,0,1.1073,1.1073,True,True,0,True
828,0.300014,0.749993,-1.99831e-05,2.21273e-05,0,1.1073,1.1073,True,True,0,True
830,0.8,0.5,-1.83566e-05,2.03264e-05,0,1.1073,1.1073,True,True,0,True
832,0.733464,0.533268,-1.87105e-05,2.07183e-05,0,1.1073,1.1073,True,True,0,True
833,0.8,0.5,-1.83566e-05,2.03264e-05,0,1.1073,1.1073,True,True,0,True
834,0.8,0.5,-1.83566e-05,2.03264e-05,0,1.1073,1.1073,True,True,0,True
835,0.356417,0.278208,-1.26162e-05,1.397e-05,0,1.1073,1.1073,True,True,0,True
836,0.8,0.5,-1.83566e-05,2.03264e-05,0,1.1073,1.1073,True,True,0,True
837,0.8,0.5,-1.83566e-05,2.03264e-05,0,1.1073,1.1073,True,True,0,True
838,0.8,0.5,-1.83566e-05,2.03264e-05,0,1.1073,1.1073,True,True,0,True
839,0.8,0.5,-1.83566e-05,2.03264e-05,0,1.1073,1.1073,True,True,0,True
842,0.8,0.5,-1.83566e-05,2.03264e-05,0,1.1073,1.1073,True,True,0,True
844,0.8,0.5,-1.83566e-05,2.03264e-05,0,1.1073,1.1073,True,True,0,True
845,0.614401,0.407201,-1.59005e-05,1.76067e-05,0,1.1073,1.1073,True,True,0,True
846,0.480905,0.340453,-1.41994e-05,1.57231e-05,0,1.1073,1.1073,True,True,0,True
847,0.8,0.5,-1.83566e-05,2.03264e-05,0,1.1073,1.1073,True,True,0,True
848,0.8,0.5,-1.83566e-05,2.03264e-05,0,1.1073,1.1073,True,True,0,True
849,0.8,0.5,-1.83566e-05,2.03264e-05,0,1.1073,1.1073,True,True,0,True
850,0.8,0.5,-1.83566e-05,2.03264e-05,0,1.1073,1.1073,True,True,0,True
851,0.8,0.5,-1.83566e-05,2.03264e-05,0,1.1073,1.1073,True,True,0,True
852,0.8,0.5,-1.83566e-05,2.03264e-05,0,1.1073,1.1073,True,True,0,True
853,0.8,0.5,-1.83566e-05,2.03264e-05,0,1.1073,1.1073,True,True,0,True
854,0.467208,0.666396,-1.98266e-05,2.1954e-05,0,1.1073,1.1073,True,True,0,True
855,0.8,0.5,-1.83566e-05,2.03264e-05,0,1.1073,1.1073,True,True,0,True
856,0.8,0.5,-1.83566e-05,2.03264e-05,0,1.1073,1.1073,True,True,0,True
857,0.8,0.5,-1.83566e-05,2.03264e-05,0,1.1073,1.1073,True,True,0,True
858,0.0398772,0.119939,-7.23806e-06,8.01473e-06,0,1.1073,1.1073,True,True,0,True
859,0.8,0.5,-1.83566e-05,2.03264e-05,0,1.1073,1.1073,True,True,0,True
861,0.8,0.5,-1.83566e-05,2.03264e-05,0,1.1073,1.1073,True,True,0,True
862,0.8,0.5,-1.83566e-05,2.03264e-05,0,1.1073,1.1073,True,True,0,True
863,0.00490758,0.897546,-1.11791e-05,1.23786e-05,0,1.1073,1.1073,True,True,0,True
864,0.8,0.5,-1.83566e-05,2.03264e-05,0,1.1073,1.1073,True,True,0,True
865,0.585818,0.607091,-1.9409e-05,2.14916e-05,0,1.1073,1.1073,True,True,0,True
866,0.8,0.5,-1.83566e-05,2.03264e-05,0,1.1073,1.1073,True,True,0,True
867,0.590751,0.395376,-1.55965e-05,1.72701e-05,0,1.1073,1.1073,True,True,0,True
868,0.8,0.5,-1.83566e-05,2.03264e-05,0,1.1073,1.1073,True,True,0,True
869,0.8,0.5,-1.83566e-05,2.03264e-05,0,1.1073,1.1073,True,True,0,True
870,0.8,0.5,-1.83566e-05,2.03264e-05,0,1.1073,1.1073,True,True,0,True
871,0.339722,0.5,-1.57538e-05,1.74443e-05,0,1.1073,1.1073,True,True,0,True
872,0.8,0.5,-1.83566e-05,2.03264e-05,0,1.1073,1.1073,True,True,0,True
873,0.366177,0.283088,-1.27417e-05,1.4109e-05,0,1.1073,1.1073,True,True,0,True
874,0.8,0.5,-1.83566e-05,2.03264e-05,0,1.1073,1.1073,True,True,0,True
875,0.8,0.5,-1.83566e-05,2.03264e-05,0,1.1073,1.1073,True,True,0,True
876,0.8,0.5,-1.83566e-05,2.03264e-05,0,1.1073,1.1073,True,True,0,True
877,0.8,0.5,-1.83566e-05,2.03264e-05,0,1.1073,1.1073,True,True,0,True
878,0.8,0.5,-1.83566e-05,2.03264e-05,0,1.1073,1.1073,True,True,0,True
881,0.511131,0.644435,-1.96922e-05,2.18053e-05,0,1.1073,1.1073,True,True,0,True
882,0.8,0.5,-1.83566e-05,2.03264e-05,0,1.1073,1.1073,True,True,0,True
883,0.8,0.5,-1.83566e-05,2.03264e-05,0,1.1073,1.1073,True,True,0,True
885,0.330693,0.734653,-2.00116e-05,2.2159e-05,0,1.1073,1.1073,True,True,0,True
886,0.8,0.5,-1.83566e-05,2.03264e-05,0,1.1073,1.1073,True,True,0,True
887,0.8,0.5,-1.83566e-05,2.03264e-05,0,1.1073,1.1073,True,True,0,True
888,0.8,0.5,-1.83566e-05,2.03264e-05,0,1.1073,1.1073,True,True,0,True
890,0.8,0.5,-1.83566e-05,2.03264e-05,0,1.1073,1.1073,True,True,0,True
891,0.2,0.5,-1.4332e-05,1.58699e-05,0,1.1073,1.1073,True,True,0,True
892,0.8,0.5,-1.83566e-05,2.03264e-05,0,1.1073,1.1073,True,True,0,True
893,0.263937,0.768031,-1.9901e-05,2.20365e-05,0,1.1073,1.1073,True,True,0,True
894,0.8,0.5,-1.83566e-05,2.03264e-05,0,1.1073,1.1073,True,True,0,True
895,0.5,0.65,-1.97288e-05,2.18458e-05,0,1.1073,1.1073,True,True,0,True
896,0.8,0.5,-1.83566e-05,2.03264e-05,0,1.1073,1.1073,True,True,0,True
897,0.8,0.5,-1.83566e-05,2.03264e-05,0,1.1073,1.1073,True,True,0,True
898,0.8,0.5,-1.83566e-05,2.03264e-05,0,1.1073,1.1073,True,True,0,True
899,0.109915,0.845043,-1.84391e-05,2.04177e-05,0,1.1073,1.1073,True,True,0,True
900,0.8,0.5,-1.83566e-05,2.03264e-05,0,1.1073,1.1073,True,True,0,True
901,0.8,0.5,-1.83566e-05,2.03264e-05,0,1.1073,1.1073,True,True,0,True
903,0.8,0.5,-1.83566e-05,2.03264e-05,0,1.1073,1.1073,True,True,0,True
904,0.8,0.5,-1.83566e-05,2.03264e-05,0,1.1073,1.1073,True,True,0,True
906,0.8,0.5,-1.83566e-05,2.03264e-05,0,1.1073,1.1073,True,True,0,True
907,0.8,0.5,-1.83566e-05,2.03264e-05,0,1.1073,1.1073,True,True,0,True
911,0.8,0.5,-1.83566e-05,2.03264e-05,0,1.1073,1.1073,True,True,0,True
912,0.8,0.5,-1.83566e-05,2.03264e-05,0,1.1073,1.1073,True,True,0,True
914,0.8,0.5,-1.83566e-05,2.03264e-05,0,1.1073,1.1073,True,True,0,True
915,0.8,0.5,-1.83566e-05,2.03264e-05,0,1.1073,1.1073,True,True,0,True
916,0.8,0.5,-1.83566e-05,2.03264e-05,0,1.1073,1.1073,True,True,0,True
917,0.8,0.5,-1.83566e-05,2.03264e-05,0,1.1073,1.1073,True,True,0,True
918,0.8,0.5,-1.83566e-05,2.03264e-05,0,1.1073,1.1073,True,True,0,True
919,0.569861,0.384931,-1.53292e-05,1.69741e-05,0,1.1073,1.1073,True,True,0,True
920,0.8,0.5,-1.83566e-05,2.03264e-05,0,1.1073,1.1073,True,True,0,True
921,0.8,0.5,-1.83566e-05,2.03264e-05,0,1.1073,1.1073,True,True,0,True
922,0.8,0.5,-1.83566e-05,2.03264e-05,0,1.1073,1.1073,True,True,0,True
924,0.8,0.5,-1.83566e-05,2.03264e-05,0,1.1073,1.1073,True,True,0,True
925,0.8,0.5,-1.83566e-05,2.03264e-05,0,1.1073,1.1073,True,True,0,True
928,0.612341,0.59383,-1.9295e-05,2.13655e-05,0,1.1073,1.1073,True,True,0,True
929,0.8,0.5,-1.83566e-05,2.03264e-05,0,1.1073,1.1073,True,True,0,True
930,0.8,0.5,-1.83566e-05,2.03264e-05,0,1.1073,1.1073,True,True,0,True
931,0.569861,0.615069,-1.94744e-05,2.15641e-05,0,1.1073,1.1073,True,True,0,True
932,0.41608,0.69196,-1.99438e-05,2.20838e-05,0,1.1073,1.1073,True,True,0,True
933,0.8,0.5,-1.83566e-05,2.03264e-05,0,1.1073,1.1073,True,True,0,True
934,0.8,0.5,-1.83566e-05,2.03264e-05,0,1.1073,1.1073,True,True,0,True
935,0.8,0.5,-1.83566e-05,2.03264e-05,0,1.1073,1.1073,True,True,0,True
936,0.8,0.5,-1.83566e-05,2.03264e-05,0,1.1073,1.1073,True,True,0,True
938,0.8,0.5,-1.83566e-05,2.03264e-05,0,1.1073,1.1073,True,True,0,True
939,0.8,0.5,-1.83566e-05,2.03264e-05,0,1.1073,1.1073,True,True,0,True
940,0.8,0.5,-1.83566e-05,2.03264e-05,0,1.1073,1.1073,True,True,0,True
941,0.8,0.5,-1.83566e-05,2.03264e-05,0,1.1073,1.1073,True,True,0,True
943,0.8,0.5,-1.83566e-05,2.03264e-05,0,1.1073,1.1073,True,True,0,True
944,0.196579,0.80171,-1.95543e-05,2.16526e-05,0,1.1073,1.1073,True,True,0,True
945,0.8,0.5,-1.83566e-05,2.03264e-05,0,1.1073,1.1073,True,True,0,True
946,0.8,0.5,-1.83566e-05,2.03264e-05,0,1.1073,1.1073,True,True,0,True
947,0.8,0.5,-1.83566e-05,2.03264e-05,0,1.1073,1.1073,True,True,0,True
948,0.8,0.5,-1.83566e-05,2.03264e-05,0,1.1073,1.1073,True,True,0,True
949,0.8,0.5,-1.83566e-05,2.03264e-05,0,1.1073,1.1073,True,True,0,True
950,0.139521,0.83024,-1.89472e-05,2.09803e-05,0,1.1073,1.1073,True,True,0,True
951,0.0709091,0.864545,-1.74006e-05,1.92678e-05,0,1.1073,1.1073,True,True,0,True
952,0.8,0.5,-1.83566e-05,2.03264e-05,0,1.1073,1.1073,True,True,0,True
953,0.0263167,0.113158,-6.67324e-06,7.38931e-06,0,1.1073,1.1073,True,True,0,True
954,0.8,0.5,-1.83566e-05,2.03264e-05,0,1.1073,1.1073,True,True,0,True
955,0.456559,0.671721,-1.98547e-05,2.19853e-05,0,1.1073,1.1073,True,True,0,True
956,0.8,0.5,-1.83566e-05,2.03264e-05,0,1.1073,1.1073,True,True,0,True
957,0.317084,0.258542,-1.21054e-05,1.34044e-05,0,1.1073,1.1073,True,True,0,True
958,0.8,0.5,-1.83566e-05,2.03264e-05,0,1.1073,1.1073,True,True,0,True
959,0.8,0.5,-1.83566e-05,2.03264e-05,0,1.1073,1.1073,True,True,0,True
960,0.8,0.5,-1.83566e-05,2.03264e-05,0,1.1073,1.1073,True,True,0,True
961,0.8,0.5,-1.83566e-05,2.03264e-05,0,1.1073,1.1073,True,True,0,True
962,0.8,0.5,-1.83566e-05,2.03264e-05,0,1.1073,1.1073,True,True,0,True
963,0.8,0.5,-1.83566e-05,2.03264e-05,0,1.1073,1.1073,True,True,0,True
964,0.8,0.5,-1.83566e-05,2.03264e-05,0,1.1073,1.1073,True,True,0,True
965,0.8,0.5,-1.83566e-05,2.03264e-05,0,1.1073,1.1073,True,True,0,True
966,0.8,0.5,-1.83566e-05,2.03264e-05,0,1.1073,1.1073,True,True,0,True
967,0.8,0.5,-1.83566e-05,2.03264e-05,0,1.1073,1.1073,True,True,0,True
969,0.8,0.5,-1.83566e-05,2.03264e-05,0,1.1073,1.1073,True,True,0,True
970,0.8,0.5,-1.83566e-05,2.03264e-05,0,1.1073,1.1073,True,True,0,True
971,0.8,0.5,-1.83566e-05,2.03264e-05,0,1.1073,1.1073,True,True,0,True
972,0.8,0.5,-1.83566e-05,2.03264e-05,0,1.1073,1.1073,True,True,0,True
973,0.8,0.5,-1.83566e-05,2.03264e-05,0,1.1073,1.1073,True,True,0,True
974,0.8,0.5,-1.83566e-05,2.03264e-05,0,1.1073,1.1073,True,True,0,True
975,0.8,0.5,-1.83566e-05,2.03264e-05,0,1.1073,1.1073,True,True,0,True
976,0.8,0.5,-1.83566e-05,2.03264e-05,0,1.1073,1.1073,True,True,0,True
978,0.8,0.5,-1.83566e-05,2.03264e-05,0,1.1073,1.1073,True,True,0,True
979,0.416544,0.308272,-1.33843e-05,1.48205e-05,0,1.1073,1.1073,True,True,0,True
980,0.8,0.5,-1.83566e-05,2.03264e-05,0,1.1073,1.1073,True,True,0,True
982,0.8,0.5,-1.83566e-05,2.03264e-05,0,1.1073,1.1073,True,True,0,True
983,0.8,0.5,-1.83566e-05,2.03264e-05,0,1.1073,1.1073,True,True,0,True
985,0.8,0.5,-1.83566e-05,2.03264e-05,0,1.1073,1.1073,True,True,0,True
986,0.758416,0.520792,-1.858e-05,2.05737e-05,0,1.1073,1.1073,True,True,0,True
987,0.8,0.5,-1.83566e-05,2.03264e-05,0,1.1073,1.1073,True,True,0,True
988,0.0601895,0.130095,-7.8728e-06,8.71759e-06,0,1.1073,1.1073,True,True,0,True
989,0.336742,0.731629,-2.00134e-05,2.2161e-05,0,1.1073,1.1073,True,True,0,True
990,0.0231417,0.888429,-1.4606e-05,1.61733e-05,0,1.1073,1.1073,True,True,0,True
991,0.8,0.5,-1.83566e-05,2.03264e-05,0,1.1073,1.1073,True,True,0,True
992,0.8,0.5,-1.83566e-05,2.03264e-05,0,1.1073,1.1073,True,True,0,True
