cycle_idx,dod,sigma_bar,count,s_sigma,phi_prime,expected_sg,measured_sg,ratio,note
0,0.8,0.5,0.5,1,3.67132e-05,1.83566e-05,1.83566e-05,1,
1,0.8,0.5,0.5,1,3.67132e-05,1.83566e-05,1.83566e-05,1,
2,0.675472,0.562264,1,1.0669,3.56208e-05,1.90019e-05,1.90019e-05,1,
3,0.8,0.5,0.5,1,3.67132e-05,1.83566e-05,1.83566e-05,1,
4,0.495019,0.34751,1,0.853346,3.36981e-05,1.43781e-05,1.43781e-05,1,
5,0.313259,0.74337,1,1.28802,3.10548e-05,1.99995e-05,1.99995e-05,1,
6,0.8,0.5,0.5,1,3.67132e-05,1.83566e-05,1.83566e-05,1,
7,3.78956e-16,0.9,1,,,,,,skip_zero_dod
8,3.78956e-16,0.9,1,,,,,,skip_zero_dod
9,0.8,0.5,0.5,1,3.67132e-05,1.83566e-05,1.83566e-05,1,
10,0.8,0.5,0.5,1,3.67132e-05,1.83566e-05,1.83566e-05,1,
11,3.78956e-16,0.9,1,,,,,,skip_zero_dod
12,3.78956e-16,0.9,1,,,,,,skip_zero_dod
13,0.8,0.5,0.5,1,3.67132e-05,1.83566e-05,1.83566e-05,1,
14,0.272158,0.441721,1,0.94119,3.02847e-05,1.42518e-05,1.42518e-05,1,
15,0.014792,0.892604,1,1.50427,1.80062e-05,1.35431e-05,1.35431e-05,1,
16,0.8,0.5,0.5,1,3.67132e-05,1.83566e-05,1.83566e-05,1,
17,3.78956e-16,0.9,1,,,,,,skip_zero_dod
18,0.8,0.5,0.5,1,3.67132e-05,1.83566e-05,1.83566e-05,1,
19,0.8,0.5,0.5,1,3.67132e-05,1.83566e-05,1.83566e-05,1,
20,3.78956e-16,0.9,1,,,,,,skip_zero_dod
21,3.78956e-16,0.9,1,,,,,,skip_zero_dod
22,3.78956e-16,0.9,1,,,,,,skip_zero_dod
23,0.8,0.5,0.5,1,3.67132e-05,1.83566e-05,1.83566e-05,1,
24,4.73695e-17,0.398889,1,,,,,,skip_zero_dod
25,0.8,0.5,0.5,1,3.67132e-05,1.83566e-05,1.83566e-05,1,
26,3.78956e-16,0.9,1,,,,,,skip_zero_dod
27,0.8,0.5,0.5,1,3.67132e-05,1.83566e-05,1.83566e-05,1,
28,0.8,0.5,0.5,1,3.67132e-05,1.83566e-05,1.83566e-05,1,
29,0.8,0.5,0.5,1,3.67132e-05,1.83566e-05,1.83566e-05,1,
30,0.8,0.5,0.5,1,3.67132e-05,1.83566e-05,1.83566e-05,1,
31,0.8,0.5,0.5,1,3.67132e-05,1.83566e-05,1.83566e-05,1,
32,0.663945,0.431973,1,0.931696,3.55115e-05,1.6543e-05,1.6543e-05,1,
33,0.258578,0.229289,1,0.754621,3.00092e-05,1.13228e-05,1.13228e-05,1,
34,0.8,0.5,1,1,3.67132e-05,1.83566e-05,1.83566e-05,1,
35,0.8,0.5,1,1,3.67132e-05,1.83566e-05,1.83566e-05,1,
36,0.8,0.5,0.5,1,3.67132e-05,1.83566e-05,1.83566e-05,1,
37,3.78956e-16,0.9,1,,,,,,skip_zero_dod
38,0.52649,0.593384,1,1.10199,3.40709e-05,1.87729e-05,1.87729e-05,1,
39,0.8,0.5,0.5,1,3.67132e-05,1.83566e-05,1.83566e-05,1,
40,0.8,0.5,0.5,1,3.67132e-05,1.83566e-05,1.83566e-05,1,
41,3.78956e-16,0.9,1,,,,,,skip_zero_dod
42,3.78956e-16,0.9,1,,,,,,skip_zero_dod
43,3.78956e-16,0.9,1,,,,,,skip_zero_dod
44,0.8,0.5,0.5,1,3.67132e-05,1.83566e-05,1.83566e-05,1,
45,0.8,0.5,0.5,1,3.67132e-05,1.83566e-05,1.83566e-05,1,
46,0.8,0.5,0.5,1,3.67132e-05,1.83566e-05,1.83566e-05,1,
47,0.447818,0.676091,1,1.20098,3.31005e-05,1.98765e-05,1.98765e-05,1,
48,0.8,0.5,0.5,1,3.67132e-05,1.83566e-05,1.83566e-05,1,
49,3.78956e-16,0.9,1,,,,,,skip_zero_dod
50,3.78956e-16,0.9,1,,,,,,skip_zero_dod
51,3.78956e-16,0.9,1,,,,,,skip_zero_dod
52,0.8,0.5,0.5,1,3.67132e-05,1.83566e-05,1.83566e-05,1,
53,4.73695e-17,0.383346,1,,,,,,skip_zero_dod
54,1.89478e-16,0.680796,1,,,,,,skip_zero_dod
55,0.8,0.5,0.5,1,3.67132e-05,1.83566e-05,1.83566e-05,1,
56,0.8,0.5,0.5,1,3.67132e-05,1.83566e-05,1.83566e-05,1,
57,0.8,0.5,1,1,3.67132e-05,1.83566e-05,1.83566e-05,1,
58,0.8,0.5,0.5,1,3.67132e-05,1.83566e-05,1.83566e-05,1,
59,3.78956e-16,0.9,1,,,,,,skip_zero_dod
60,3.78956e-16,0.9,1,,,,,,skip_zero_dod
61,3.78956e-16,0.9,1,,,,,,skip_zero_dod
62,0.8,0.5,0.5,1,3.67132e-05,1.83566e-05,1.83566e-05,1,
63,0.8,0.5,0.5,1,3.67132e-05,1.83566e-05,1.83566e-05,1,
64,0.5,0.65,1,1.16883,3.37583e-05,1.97288e-05,1.97288e-05,1,
65,0.8,0.5,0.5,1,3.67132e-05,1.83566e-05,1.83566e-05,1,
66,0.8,0.5,0.5,1,3.67132e-05,1.83566e-05,1.83566e-05,1,
67,3.78956e-16,0.9,1,,,,,,skip_zero_dod
68,0.8,0.5,0.5,1,3.67132e-05,1.83566e-05,1.83566e-05,1,
69,0.205471,0.202735,1,0.734067,2.88025e-05,1.05715e-05,1.05715e-05,1,
70,0.49723,0.651385,1,1.17051,3.37249e-05,1.97377e-05,1.97377e-05,1,
71,0.8,0.5,0.5,1,3.67132e-05,1.83566e-05,1.83566e-05,1,
72,0.8,0.5,0.5,1,3.67132e-05,1.83566e-05,1.83566e-05,1,
73,0.0461928,0.123096,1,0.675718,2.20654e-05,7.45499e-06,7.45499e-06,1,
74,0.8,0.5,1,1,3.67132e-05,1.83566e-05,1.83566e-05,1,
75,0.8,0.5,0.5,1,3.67132e-05,1.83566e-05,1.83566e-05,1,
76,3.78956e-16,0.9,1,,,,,,skip_zero_dod
77,0.8,0.5,0.5,1,3.67132e-05,1.83566e-05,1.83566e-05,1,
78,0.8,0.5,0.5,1,3.67132e-05,1.83566e-05,1.83566e-05,1,
79,0.8,0.5,0.5,1,3.67132e-05,1.83566e-05,1.83566e-05,1,
80,0.8,0.5,1,1,3.67132e-05,1.83566e-05,1.83566e-05,1,
81,0.8,0.5,0.5,1,3.67132e-05,1.83566e-05,1.83566e-05,1,
82,3.78956e-16,0.9,1,,,,,,skip_zero_dod
83,0.8,0.5,0.5,1,3.67132e-05,1.83566e-05,1.83566e-05,1,
84,0.8,0.5,1,1,3.67132e-05,1.83566e-05,1.83566e-05,1,
85,0.776381,0.51181,1,1.01236,3.65173e-05,1.84843e-05,1.84843e-05,1,
86,0.8,0.5,0.5,1,3.67132e-05,1.83566e-05,1.83566e-05,1,
87,0.8,0.5,0.5,1,3.67132e-05,1.83566e-05,1.83566e-05,1,
88,0.348308,0.274154,1,0.790666,3.16483e-05,1.25116e-05,1.25116e-05,1,
89,0.8,0.5,1,1,3.67132e-05,1.83566e-05,1.83566e-05,1,
90,0.5,0.65,1,1.16883,3.37583e-05,1.97288e-05,1.97288e-05,1,
91,0.8,0.5,1,1,3.67132e-05,1.83566e-05,1.83566e-05,1,
92,0.8,0.5,0.5,1,3.67132e-05,1.83566e-05,1.83566e-05,1,
93,3.78956e-16,0.9,1,,,,,,skip_zero_dod
94,3.78956e-16,0.9,1,,,,,,skip_zero_dod
95,0.8,0.5,0.5,1,3.67132e-05,1.83566e-05,1.83566e-05,1,
96,0.8,0.5,1,1,3.67132e-05,1.83566e-05,1.83566e-05,1,
97,0.8,0.5,0.5,1,3.67132e-05,1.83566e-05,1.83566e-05,1,
98,3.78956e-16,0.9,1,,,,,,skip_zero_dod
99,0.8,0.5,0.5,1,3.67132e-05,1.83566e-05,1.83566e-05,1,
100,0.8,0.5,0.5,1,3.67132e-05,1.83566e-05,1.83566e-05,1,
101,3.78956e-16,0.9,1,,,,,,skip_zero_dod
102,0.8,0.5,0.5,1,3.67132e-05,1.83566e-05,1.83566e-05,1,
103,0.8,0.5,0.5,1,3.67132e-05,1.83566e-05,1.83566e-05,1,
104,9.4739e-17,0.267012,1,,,,,,skip_zero_dod
105,0.8,0.5,0.5,1,3.67132e-05,1.83566e-05,1.83566e-05,1,
106,0.8,0.5,0.5,1,3.67132e-05,1.83566e-05,1.83566e-05,1,
107,0.8,0.5,0.5,1,3.67132e-05,1.83566e-05,1.83566e-05,1,
108,0.8,0.5,0.5,1,3.67132e-05,1.83566e-05,1.83566e-05,1,
109,3.78956e-16,0.9,1,,,,,,skip_zero_dod
110,3.78956e-16,0.9,1,,,,,,skip_zero_dod
111,4.73695e-17,0.330139,1,,,,,,skip_zero_dod
112,0.8,0.5,0.5,1,3.67132e-05,1.83566e-05,1.83566e-05,1,
113,0.8,0.5,1,1,3.67132e-05,1.83566e-05,1.83566e-05,1,
114,0.181494,0.809253,1,1.37936,2.81715e-05,1.94294e-05,1.94294e-05,1,
115,0.8,0.5,0.5,1,3.67132e-05,1.83566e-05,1.83566e-05,1,
116,0.8,0.5,0.5,1,3.67132e-05,1.83566e-05,1.83566e-05,1,
117,0.8,0.5,1,1,3.67132e-05,1.83566e-05,1.83566e-05,1,
118,0.8,0.5,0.5,1,3.67132e-05,1.83566e-05,1.83566e-05,1,
119,0.8,0.5,0.5,1,3.67132e-05,1.83566e-05,1.83566e-05,1,
120,0.314238,0.257119,1,0.776782,3.10721e-05,1.20681e-05,1.20681e-05,1,
121,0.120334,0.160167,1,0.702278,2.61786e-05,9.19233e-06,9.19233e-06,1,
122,0.8,0.5,0.5,1,3.67132e-05,1.83566e-05,1.83566e-05,1,
123,0.8,0.5,0.5,1,3.67132e-05,1.83566e-05,1.83566e-05,1,
124,0.8,0.5,1,1,3.67132e-05,1.83566e-05,1.83566e-05,1,
125,0.6833,0.44165,1,0.941121,3.56941e-05,1.67962e-05,1.67962e-05,1,
126,0.8,0.5,0.5,1,3.67132e-05,1.83566e-05,1.83566e-05,1,
127,3.78956e-16,0.9,1,,,,,,skip_zero_dod
128,0.8,0.5,0.5,1,3.67132e-05,1.83566e-05,1.83566e-05,1,
129,0.235451,0.782274,1,1.3412,2.95114e-05,1.97904e-05,1.97904e-05,1,
130,0.8,0.5,1,1,3.67132e-05,1.83566e-05,1.83566e-05,1,
131,2.84217e-16,0.6,1,,,,,,skip_zero_dod
132,0.8,0.5,0.5,1,3.67132e-05,1.83566e-05,1.83566e-05,1,
133,0.8,0.5,0.5,1,3.67132e-05,1.83566e-05,1.83566e-05,1,
134,0.8,0.5,0.5,1,3.67132e-05,1.83566e-05,1.83566e-05,1,
135,3.78956e-16,0.9,1,,,,,,skip_zero_dod
136,0.201774,0.799113,1,1.36489,2.87093e-05,1.95926e-05,1.95926e-05,1,
137,0.8,0.5,0.5,1,3.67132e-05,1.83566e-05,1.83566e-05,1,
138,0.8,0.5,1,1,3.67132e-05,1.83566e-05,1.83566e-05,1,
139,0.8,0.5,0.5,1,3.67132e-05,1.83566e-05,1.83566e-05,1,
140,0.8,0.5,0.5,1,3.67132e-05,1.83566e-05,1.83566e-05,1,
141,0.8,0.5,0.5,1,3.67132e-05,1.83566e-05,1.83566e-05,1,
142,0.8,0.5,0.5,1,3.67132e-05,1.83566e-05,1.83566e-05,1,
143,0.321838,0.260919,1,0.779857,3.12049e-05,1.21677e-05,1.21677e-05,1,
144,0.748677,0.525662,1,1.02705,3.62812e-05,1.86313e-05,1.86313e-05,1,
145,0.350762,0.724619,1,1.26314,3.1688e-05,2.00133e-05,2.00133e-05,1,
146,0.8,0.5,0.5,1,3.67132e-05,1.83566e-05,1.83566e-05,1,
147,0.241709,0.779145,1,1.33684,2.96499e-05,1.98187e-05,1.98187e-05,1,
148,0.0659954,0.867002,1,1.46475,2.35165e-05,1.72229e-05,1.72229e-05,1,
149,0.8,0.5,0.5,1,3.67132e-05,1.83566e-05,1.83566e-05,1,
150,0.8,0.5,0.5,1,3.67132e-05,1.83566e-05,1.83566e-05,1,
151,0.8,0.5,0.5,1,3.67132e-05,1.83566e-05,1.83566e-05,1,
152,0.537601,0.368801,1,0.872452,3.41982e-05,1.49181e-05,1.49181e-05,1,
153,2.84217e-16,0.644984,1,,,,,,skip_zero_dod
154,0.8,0.5,0.5,1,3.67132e-05,1.83566e-05,1.83566e-05,1,
155,0.534334,0.632833,1,1.14814,3.4161e-05,1.96109e-05,1.96109e-05,1,
156,3.78956e-16,0.9,1,,,,,,skip_zero_dod
157,0.197745,0.570989,1,1.07662,2.86061e-05,1.5399e-05,1.5399e-05,1,
158,0.692166,0.553917,1,1.05768,3.57764e-05,1.89199e-05,1.89199e-05,1,
159,0.8,0.5,0.5,1,3.67132e-05,1.83566e-05,1.83566e-05,1,
160,4.73695e-17,0.265134,1,,,,,,skip_zero_dod
161,0.8,0.5,0.5,1,3.67132e-05,1.83566e-05,1.83566e-05,1,
162,0.8,0.5,0.5,1,3.67132e-05,1.83566e-05,1.83566e-05,1,
163,0.8,0.5,0.5,1,3.67132e-05,1.83566e-05,1.83566e-05,1,
164,0.8,0.5,0.5,1,3.67132e-05,1.83566e-05,1.83566e-05,1,
165,0.2,0.5,1,1,2.8664e-05,1.4332e-05,1.4332e-05,1,
166,0.8,0.5,1,1,3.67132e-05,1.83566e-05,1.83566e-05,1,
167,0.8,0.5,0.5,1,3.67132e-05,1.83566e-05,1.83566e-05,1,
168,0.8,0.5,0.5,1,3.67132e-05,1.83566e-05,1.83566e-05,1,
169,0.227,0.2135,1,0.742331,2.93194e-05,1.08824e-05,1.08824e-05,1,
170,0.8,0.5,0.5,1,3.67132e-05,1.83566e-05,1.83566e-05,1,
171,1.89478e-16,0.676149,1,,,,,,skip_zero_dod
172,0.723851,0.538075,1,1.04039,3.60634e-05,1.876e-05,1.876e-05,1,
173,0.8,0.5,0.5,1,3.67132e-05,1.83566e-05,1.83566e-05,1,
174,0.492923,0.346462,1,0.852417,3.36725e-05,1.43515e-05,1.43515e-05,1,
175,0.569861,0.615069,1,1.12713,3.45558e-05,1.94744e-05,1.94744e-05,1,
176,0.8,0.5,0.5,1,3.67132e-05,1.83566e-05,1.83566e-05,1,
177,3.78956e-16,0.9,1,,,,,,skip_zero_dod
178,3.78956e-16,0.9,1,,,,,,skip_zero_dod
179,0.303971,0.748015,1,1.29426,3.08883e-05,1.99887e-05,1.99887e-05,1,
180,3.78956e-16,0.9,1,,,,,,skip_zero_dod
181,0.8,0.5,0.5,1,3.67132e-05,1.83566e-05,1.83566e-05,1,
182,0.0532899,0.406452,1,0.907293,2.26357e-05,1.02686e-05,1.02686e-05,1,
183,0.569861,0.384931,1,0.887211,3.45558e-05,1.53292e-05,1.53292e-05,1,
184,0.8,0.5,0.5,1,3.67132e-05,1.83566e-05,1.83566e-05,1,
185,0.8,0.5,0.5,1,3.67132e-05,1.83566e-05,1.83566e-05,1,
186,0.569861,0.384931,1,0.887211,3.45558e-05,1.53292e-05,1.53292e-05,1,
187,0.425392,0.312696,1,0.823002,3.27983e-05,1.34966e-05,1.34966e-05,1,
188,0.0577806,0.87111,1,1.47102,2.2965e-05,1.68909e-05,1.68909e-05,1,
189,0.8,0.5,0.5,1,3.67132e-05,1.83566e-05,1.83566e-05,1,
190,3.78956e-16,0.9,1,,,,,,skip_zero_dod
191,0.8,0.5,0.5,1,3.67132e-05,1.83566e-05,1.83566e-05,1,
192,0.8,0.5,0.5,1,3.67132e-05,1.83566e-05,1.83566e-05,1,
193,0.8,0.5,0.5,1,3.67132e-05,1.83566e-05,1.83566e-05,1,
194,0.8,0.5,0.5,1,3.67132e-05,1.83566e-05,1.83566e-05,1,
195,0.8,0.5,0.5,1,3.67132e-05,1.83566e-05,1.83566e-05,1,
196,0.126399,0.1632,1,0.704496,2.64094e-05,9.30268e-06,9.30268e-06,1,
197,0.449813,0.324907,1,0.83352,3.31268e-05,1.38059e-05,1.38059e-05,1,
198,0.0182851,0.890857,1,1.50154,1.87007e-05,1.40399e-05,1.40399e-05,1,
199,0.00230538,0.898847,1,1.51407,1.2921e-05,9.78168e-06,9.78168e-06,1,
200,0.8,0.5,0.5,1,3.67132e-05,1.83566e-05,1.83566e-05,1,
201,0.8,0.5,0.5,1,3.67132e-05,1.83566e-05,1.83566e-05,1,
202,0.8,0.5,1,1,3.67132e-05,1.83566e-05,1.83566e-05,1,
203,0.69635,0.448175,1,0.947529,3.58149e-05,1.69678e-05,1.69678e-05,1,
204,0.8,0.5,0.5,1,3.67132e-05,1.83566e-05,1.83566e-05,1,
205,0.295205,0.752398,1,1.30017,3.07274e-05,1.99754e-05,1.99754e-05,1,
206,0.339722,0.5,1,1,3.15076e-05,1.57538e-05,1.57538e-05,1,
207,0.8,0.5,0.5,1,3.67132e-05,1.83566e-05,1.83566e-05,1,
208,0.8,0.5,1,1,3.67132e-05,1.83566e-05,1.83566e-05,1,
209,0.502078,0.351039,1,0.856484,3.37833e-05,1.44675e-05,1.44675e-05,1,
210,4.73695e-17,0.328548,1,,,,,,skip_zero_dod
211,0.5,0.35,1,0.855559,3.37583e-05,1.44411e-05,1.44411e-05,1,
212,0.8,0.5,0.5,1,3.67132e-05,1.83566e-05,1.83566e-05,1,
213,0.8,0.5,0.5,1,3.67132e-05,1.83566e-05,1.83566e-05,1,
214,0.8,0.5,0.5,1,3.67132e-05,1.83566e-05,1.83566e-05,1,
215,0.8,0.5,0.5,1,3.67132e-05,1.83566e-05,1.83566e-05,1,
216,0.5,0.35,1,0.855559,3.37583e-05,1.44411e-05,1.44411e-05,1,
217,0.8,0.5,0.5,1,3.67132e-05,1.83566e-05,1.83566e-05,1,
218,3.78956e-16,0.9,1,,,,,,skip_zero_dod
219,0.8,0.5,0.5,1,3.67132e-05,1.83566e-05,1.83566e-05,1,
220,0.334449,0.732775,1,1.2739,3.14198e-05,2.00129e-05,2.00129e-05,1,
221,0.8,0.5,0.5,1,3.67132e-05,1.83566e-05,1.83566e-05,1,
222,0.8,0.5,0.5,1,3.67132e-05,1.83566e-05,1.83566e-05,1,
223,0.8,0.5,0.5,1,3.67132e-05,1.83566e-05,1.83566e-05,1,
224,0.8,0.5,0.5,1,3.67132e-05,1.83566e-05,1.83566e-05,1,
225,0.8,0.5,1,1,3.67132e-05,1.83566e-05,1.83566e-05,1,
226,0.569861,0.384931,1,0.887211,3.45558e-05,1.53292e-05,1.53292e-05,1,
227,0.8,0.5,0.5,1,3.67132e-05,1.83566e-05,1.83566e-05,1,
228,0.8,0.5,0.5,1,3.67132e-05,1.83566e-05,1.83566e-05,1,
229,0.8,0.5,0.5,1,3.67132e-05,1.83566e-05,1.83566e-05,1,
230,0.8,0.5,0.5,1,3.67132e-05,1.83566e-05,1.83566e-05,1,
231,0.8,0.5,0.5,1,3.67132e-05,1.83566e-05,1.83566e-05,1,
232,0.167452,0.816274,1,1.38947,2.77693e-05,1.92924e-05,1.92924e-05,1,
233,0.8,0.5,0.5,1,3.67132e-05,1.83566e-05,1.83566e-05,1,
234,0.8,0.5,0.5,1,3.67132e-05,1.83566e-05,1.83566e-05,1,
235,0.8,0.5,0.5,1,3.67132e-05,1.83566e-05,1.83566e-05,1,
236,0.8,0.5,0.5,1,3.67132e-05,1.83566e-05,1.83566e-05,1,
237,0.8,0.5,0.5,1,3.67132e-05,1.83566e-05,1.83566e-05,1,
238,0.8,0.5,1,1,3.67132e-05,1.83566e-05,1.83566e-05,1,
239,0.356959,0.27848,1,0.794231,3.17873e-05,1.26232e-05,1.26232e-05,1,
240,0.8,0.5,1,1,3.67132e-05,1.83566e-05,1.83566e-05,1,
241,9.4739e-17,0.490229,1,,,,,,skip_zero_dod
242,0.8,0.5,1,1,3.67132e-05,1.83566e-05,1.83566e-05,1,
243,0.8,0.5,0.5,1,3.67132e-05,1.83566e-05,1.83566e-05,1,
244,0.8,0.5,0.5,1,3.67132e-05,1.83566e-05,1.83566e-05,1,
245,0.8,0.5,1,1,3.67132e-05,1.83566e-05,1.83566e-05,1,
246,0.0687639,0.134382,1,0.683695,2.36897e-05,8.09826e-06,8.09826e-06,1,
247,0.725989,0.537005,1,1.03924,3.60824e-05,1.87491e-05,1.87491e-05,1,
248,0.8,0.5,0.5,1,3.67132e-05,1.83566e-05,1.83566e-05,1,
249,3.78956e-16,0.9,1,,,,,,skip_zero_dod
250,0.8,0.5,0.5,1,3.67132e-05,1.83566e-05,1.83566e-05,1,
251,0.8,0.5,0.5,1,3.67132e-05,1.83566e-05,1.83566e-05,1,
252,0.8,0.5,0.5,1,3.67132e-05,1.83566e-05,1.83566e-05,1,
253,0.569861,0.384931,1,0.887211,3.45558e-05,1.53292e-05,1.53292e-05,1,
254,0.8,0.5,0.5,1,3.67132e-05,1.83566e-05,1.83566e-05,1,
255,4.73695e-17,0.330139,1,,,,,,skip_zero_dod
256,0.8,0.5,0.5,1,3.67132e-05,1.83566e-05,1.83566e-05,1,
257,0.8,0.5,0.5,1,3.67132e-05,1.83566e-05,1.83566e-05,1,
258,3.78956e-16,0.9,1,,,,,,skip_zero_dod
259,3.78956e-16,0.9,1,,,,,,skip_zero_dod
260,3.78956e-16,0.9,1,,,,,,skip_zero_dod
261,0.8,0.5,0.5,1,3.67132e-05,1.83566e-05,1.83566e-05,1,
262,0.8,0.5,0.5,1,3.67132e-05,1.83566e-05,1.83566e-05,1,
263,0.8,0.5,0.5,1,3.67132e-05,1.83566e-05,1.83566e-05,1,
264,0.8,0.5,1,1,3.67132e-05,1.83566e-05,1.83566e-05,1,
265,0.8,0.5,1,1,3.67132e-05,1.83566e-05,1.83566e-05,1,
266,9.4739e-17,0.378438,1,,,,,,skip_zero_dod
267,0.397307,0.298653,1,0.81107,3.24008e-05,1.31397e-05,1.31397e-05,1,
268,0.621807,0.410904,1,0.911503,3.50982e-05,1.59961e-05,1.59961e-05,1,
269,0.601435,0.470847,1,0.970136,3.48901e-05,1.69241e-05,1.69241e-05,1,
270,0.748426,0.525787,1,1.02718,3.6279e-05,1.86326e-05,1.86326e-05,1,
271,0.8,0.5,1,1,3.67132e-05,1.83566e-05,1.83566e-05,1,
272,0.163232,0.259799,1,0.77895,2.76431e-05,1.07663e-05,1.07663e-05,1,
273,0.8,0.5,0.5,1,3.67132e-05,1.83566e-05,1.83566e-05,1,
274,0.517726,0.641137,1,1.1581,3.3969e-05,1.96698e-05,1.96698e-05,1,
275,0.8,0.5,0.5,1,3.67132e-05,1.83566e-05,1.83566e-05,1,
276,0.8,0.5,0.5,1,3.67132e-05,1.83566e-05,1.83566e-05,1,
277,0.8,0.5,0.5,1,3.67132e-05,1.83566e-05,1.83566e-05,1,
278,4.73695e-17,0.364346,1,,,,,,skip_zero_dod
279,0.8,0.5,1,1,3.67132e-05,1.83566e-05,1.83566e-05,1,
280,0.8,0.5,1,1,3.67132e-05,1.83566e-05,1.83566e-05,1,
281,0.399554,0.299777,1,0.812019,3.24335e-05,1.31683e-05,1.31683e-05,1,
282,0.528744,0.364372,1,0.868443,3.40969e-05,1.48056e-05,1.48056e-05,1,
283,0.8,0.5,1,1,3.67132e-05,1.83566e-05,1.83566e-05,1,
284,0.5,0.35,1,0.855559,3.37583e-05,1.44411e-05,1.44411e-05,1,
285,0.8,0.5,0.5,1,3.67132e-05,1.83566e-05,1.83566e-05,1,
286,0.8,0.5,0.5,1,3.67132e-05,1.83566e-05,1.83566e-05,1,
287,0.8,0.5,0.5,1,3.67132e-05,1.83566e-05,1.83566e-05,1,
288,0.8,0.5,0.5,1,3.67132e-05,1.83566e-05,1.83566e-05,1,
289,0.8,0.5,0.5,1,3.67132e-05,1.83566e-05,1.83566e-05,1,
290,0.339239,0.73038,1,1.27074,3.14996e-05,2.00138e-05,2.00138e-05,1,
291,0.138358,0.399318,1,0.900586,2.68391e-05,1.20855e-05,1.20855e-05,1,
292,0.8,0.5,0.5,1,3.67132e-05,1.83566e-05,1.83566e-05,1,
293,0.10947,0.154735,1,0.698321,2.57401e-05,8.98743e-06,8.98743e-06,1,
294,1.18424e-17,0.1,1,,,,,,skip_zero_dod
295,0.8,0.5,0.5,1,3.67132e-05,1.83566e-05,1.83566e-05,1,
296,0.8,0.5,0.5,1,3.67132e-05,1.83566e-05,1.83566e-05,1,
297,0.8,0.5,0.5,1,3.67132e-05,1.83566e-05,1.83566e-05,1,
298,0.8,0.5,0.5,1,3.67132e-05,1.83566e-05,1.83566e-05,1,
299,0.8,0.5,0.5,1,3.67132e-05,1.83566e-05,1.83566e-05,1,
300,0.8,0.5,0.5,1,3.67132e-05,1.83566e-05,1.83566e-05,1,
301,0.8,0.5,0.5,1,3.67132e-05,1.83566e-05,1.83566e-05,1,
302,0.8,0.5,0.5,1,3.67132e-05,1.83566e-05,1.83566e-05,1,
303,0.8,0.5,0.5,1,3.67132e-05,1.83566e-05,1.83566e-05,1,
304,0.8,0.5,0.5,1,3.67132e-05,1.83566e-05,1.83566e-05,1,
305,0.8,0.5,0.5,1,3.67132e-05,1.83566e-05,1.83566e-05,1,
306,0.276314,0.761843,1,1.313,3.03667e-05,1.99358e-05,1.99358e-05,1,
307,0.8,0.5,0.5,1,3.67132e-05,1.83566e-05,1.83566e-05,1,
308,0.8,0.5,0.5,1,3.67132e-05,1.83566e-05,1.83566e-05,1,
309,0.8,0.5,0.5,1,3.67132e-05,1.83566e-05,1.83566e-05,1,
310,0.8,0.5,0.5,1,3.67132e-05,1.83566e-05,1.83566e-05,1,
311,0.140807,0.829596,1,1.40886,2.69233e-05,1.89656e-05,1.89656e-05,1,
312,0.8,0.5,0.5,1,3.67132e-05,1.83566e-05,1.83566e-05,1,
313,0.8,0.5,0.5,1,3.67132e-05,1.83566e-05,1.83566e-05,1,
314,0.281024,0.470651,1,0.969938,3.04585e-05,1.47714e-05,1.47714e-05,1,
315,0.8,0.5,0.5,1,3.67132e-05,1.83566e-05,1.83566e-05,1,
316,0.26253,0.231265,1,0.756173,3.00906e-05,1.13768e-05,1.13768e-05,1,
317,0.8,0.5,0.5,1,3.67132e-05,1.83566e-05,1.83566e-05,1,
318,0.466572,0.436575,1,0.936167,3.33439e-05,1.56077e-05,1.56077e-05,1,
319,0.8,0.5,0.5,1,3.67132e-05,1.83566e-05,1.83566e-05,1,
320,0.8,0.5,0.5,1,3.67132e-05,1.83566e-05,1.83566e-05,1,
321,0.8,0.5,0.5,1,3.67132e-05,1.83566e-05,1.83566e-05,1,
322,0.8,0.5,0.5,1,3.67132e-05,1.83566e-05,1.83566e-05,1,
323,0.8,0.5,0.5,1,3.67132e-05,1.83566e-05,1.83566e-05,1,
324,1.89478e-16,0.484642,1,,,,,,skip_zero_dod
325,0.8,0.5,0.5,1,3.67132e-05,1.83566e-05,1.83566e-05,1,
326,0.8,0.5,0.5,1,3.67132e-05,1.83566e-05,1.83566e-05,1,
327,0.8,0.5,0.5,1,3.67132e-05,1.83566e-05,1.83566e-05,1,
328,0.8,0.5,0.5,1,3.67132e-05,1.83566e-05,1.83566e-05,1,
329,0.8,0.5,0.5,1,3.67132e-05,1.83566e-05,1.83566e-05,1,
330,0.8,0.5,0.5,1,3.67132e-05,1.83566e-05,1.83566e-05,1,
331,0.8,0.5,0.5,1,3.67132e-05,1.83566e-05,1.83566e-05,1,
332,0.8,0.5,0.5,1,3.67132e-05,1.83566e-05,1.83566e-05,1,
333,0.8,0.5,0.5,1,3.67132e-05,1.83566e-05,1.83566e-05,1,
334,0.496808,0.651596,1,1.17077,3.37198e-05,1.9739e-05,1.9739e-05,1,
335,0.8,0.5,0.5,1,3.67132e-05,1.83566e-05,1.83566e-05,1,
336,0.8,0.5,1,1,3.67132e-05,1.83566e-05,1.83566e-05,1,
337,0.8,0.5,0.5,1,3.67132e-05,1.83566e-05,1.83566e-05,1,
338,0.8,0.5,0.5,1,3.67132e-05,1.83566e-05,1.83566e-05,1,
339,0.254713,0.772643,1,1.32783,2.99286e-05,1.98701e-05,1.98701e-05,1,
340,0.405173,0.697414,1,1.22791,3.25144e-05,1.99623e-05,1.99623e-05,1,
341,0.8,0.5,1,1,3.67132e-05,1.83566e-05,1.83566e-05,1,
342,0.024312,0.887844,1,1.49684,1.96764e-05,1.47263e-05,1.47263e-05,1,
343,0.8,0.5,0.5,1,3.67132e-05,1.83566e-05,1.83566e-05,1,
344,0.8,0.5,0.5,1,3.67132e-05,1.83566e-05,1.83566e-05,1,
345,0.8,0.5,0.5,1,3.67132e-05,1.83566e-05,1.83566e-05,1,
346,0.8,0.5,0.5,1,3.67132e-05,1.83566e-05,1.83566e-05,1,
347,0.8,0.5,0.5,1,3.67132e-05,1.83566e-05,1.83566e-05,1,
348,0.540346,0.629827,1,1.14456,3.42293e-05,1.95887e-05,1.95887e-05,1,
349,0.8,0.5,0.5,1,3.67132e-05,1.83566e-05,1.83566e-05,1,
350,0.8,0.5,0.5,1,3.67132e-05,1.83566e-05,1.83566e-05,1,
351,0.8,0.5,0.5,1,3.67132e-05,1.83566e-05,1.83566e-05,1,
352,0.8,0.5,0.5,1,3.67132e-05,1.83566e-05,1.83566e-05,1,
353,0.8,0.5,0.5,1,3.67132e-05,1.83566e-05,1.83566e-05,1,
354,0.8,0.5,1,1,3.67132e-05,1.83566e-05,1.83566e-05,1,
355,0.2,0.5,1,1,2.8664e-05,1.4332e-05,1.4332e-05,1,
356,0.8,0.5,0.5,1,3.67132e-05,1.83566e-05,1.83566e-05,1,
357,0.8,0.5,0.5,1,3.67132e-05,1.83566e-05,1.83566e-05,1,
358,0.8,0.5,1,1,3.67132e-05,1.83566e-05,1.83566e-05,1,
359,0.126203,0.163101,1,0.704424,2.64021e-05,9.29915e-06,9.29915e-06,1,
360,0.626715,0.413357,1,0.913832,3.51475e-05,1.60595e-05,1.60595e-05,1,
361,0.125871,0.162935,1,0.704303,2.63897e-05,9.29317e-06,9.29317e-06,1,
362,0.648108,0.424054,1,0.924055,3.53588e-05,1.63367e-05,1.63367e-05,1,
363,0.8,0.5,0.5,1,3.67132e-05,1.83566e-05,1.83566e-05,1,
364,0.8,0.5,0.5,1,3.67132e-05,1.83566e-05,1.83566e-05,1,
365,0.8,0.5,0.5,1,3.67132e-05,1.83566e-05,1.83566e-05,1,
366,0.8,0.5,0.5,1,3.67132e-05,1.83566e-05,1.83566e-05,1,
367,0.8,0.5,0.5,1,3.67132e-05,1.83566e-05,1.83566e-05,1,
368,0.8,0.5,0.5,1,3.67132e-05,1.83566e-05,1.83566e-05,1,
369,0.8,0.5,1,1,3.67132e-05,1.83566e-05,1.83566e-05,1,
370,0.8,0.5,0.5,1,3.67132e-05,1.83566e-05,1.83566e-05,1,
371,0.569861,0.615069,1,1.12713,3.45558e-05,1.94744e-05,1.94744e-05,1,
372,0.8,0.5,0.5,1,3.67132e-05,1.83566e-05,1.83566e-05,1,
373,0.8,0.5,1,1,3.67132e-05,1.83566e-05,1.83566e-05,1,
374,0.0851661,0.142583,1,0.689552,2.46119e-05,8.4856e-06,8.4856e-06,1,
375,0.5,0.35,1,0.855559,3.37583e-05,1.44411e-05,1.44411e-05,1,
376,0.8,0.5,0.5,1,3.67132e-05,1.83566e-05,1.83566e-05,1,
377,0.8,0.5,0.5,1,3.67132e-05,1.83566e-05,1.83566e-05,1,
378,0.8,0.5,0.5,1,3.67132e-05,1.83566e-05,1.83566e-05,1,
379,0.8,0.5,0.5,1,3.67132e-05,1.83566e-05,1.83566e-05,1,
380,0.8,0.5,1,1,3.67132e-05,1.83566e-05,1.83566e-05,1,
381,0.8,0.5,1,1,3.67132e-05,1.83566e-05,1.83566e-05,1,
382,0.8,0.5,0.5,1,3.67132e-05,1.83566e-05,1.83566e-05,1,
383,4.73695e-17,0.330139,1,,,,,,skip_zero_dod
384,0.8,0.5,0.5,1,3.67132e-05,1.83566e-05,1.83566e-05,1,
385,0.8,0.5,0.5,1,3.67132e-05,1.83566e-05,1.83566e-05,1,
386,3.78956e-16,0.9,1,,,,,,skip_zero_dod
387,0.361089,0.719456,1,1.25638,3.18526e-05,2.00095e-05,2.00095e-05,1,
388,0.8,0.5,0.5,1,3.67132e-05,1.83566e-05,1.83566e-05,1,
389,9.4739e-17,0.338292,1,,,,,,skip_zero_dod
390,0.304352,0.252176,1,0.772798,3.08952e-05,1.19379e-05,1.19379e-05,1,
391,0.101711,0.155177,1,0.698642,2.54045e-05,8.87433e-06,8.87433e-06,1,
392,0.8,0.5,0.5,1,3.67132e-05,1.83566e-05,1.83566e-05,1,
393,0.8,0.5,0.5,1,3.67132e-05,1.83566e-05,1.83566e-05,1,
394,0.8,0.5,0.5,1,3.67132e-05,1.83566e-05,1.83566e-05,1,
395,0.8,0.5,0.5,1,3.67132e-05,1.83566e-05,1.83566e-05,1,
396,0.8,0.5,0.5,1,3.67132e-05,1.83566e-05,1.83566e-05,1,
397,0.15766,0.82117,1,1.39657,2.74722e-05,1.91834e-05,1.91834e-05,1,
398,0.8,0.5,0.5,1,3.67132e-05,1.83566e-05,1.83566e-05,1,
399,0.8,0.5,0.5,1,3.67132e-05,1.83566e-05,1.83566e-05,1,
400,3.78956e-16,0.9,1,,,,,,skip_zero_dod
401,0.8,0.5,0.5,1,3.67132e-05,1.83566e-05,1.83566e-05,1,
402,0.8,0.5,0.5,1,3.67132e-05,1.83566e-05,1.83566e-05,1,
403,4.73695e-17,0.330139,1,,,,,,skip_zero_dod
404,0.8,0.5,0.5,1,3.67132e-05,1.83566e-05,1.83566e-05,1,
405,0.0273804,0.11369,1,0.66914,2.00984e-05,6.72433e-06,6.72433e-06,1,
406,0.146993,0.173497,1,0.712081,2.71308e-05,9.65966e-06,9.65966e-06,1,
407,0.8,0.5,0.5,1,3.67132e-05,1.83566e-05,1.83566e-05,1,
408,0.8,0.5,0.5,1,3.67132e-05,1.83566e-05,1.83566e-05,1,
409,0.8,0.5,1,1,3.67132e-05,1.83566e-05,1.83566e-05,1,
410,0.8,0.5,0.5,1,3.67132e-05,1.83566e-05,1.83566e-05,1,
411,0.8,0.5,0.5,1,3.67132e-05,1.83566e-05,1.83566e-05,1,
412,0.8,0.5,0.5,1,3.67132e-05,1.83566e-05,1.83566e-05,1,
413,0.8,0.5,0.5,1,3.67132e-05,1.83566e-05,1.83566e-05,1,
414,0.8,0.5,0.5,1,3.67132e-05,1.83566e-05,1.83566e-05,1,
415,0.324137,0.492207,1,0.991928,3.12446e-05,1.54962e-05,1.54962e-05,1,
416,0.8,0.5,0.5,1,3.67132e-05,1.83566e-05,1.83566e-05,1,
417,0.325373,0.362042,1,0.866342,3.12658e-05,1.35434e-05,1.35434e-05,1,
418,0.8,0.5,0.5,1,3.67132e-05,1.83566e-05,1.83566e-05,1,
419,0.8,0.5,0.5,1,3.67132e-05,1.83566e-05,1.83566e-05,1,
420,0.8,0.5,0.5,1,3.67132e-05,1.83566e-05,1.83566e-05,1,
421,0.8,0.5,0.5,1,3.67132e-05,1.83566e-05,1.83566e-05,1,
422,0.469646,0.665177,1,1.18742,3.3383e-05,1.98198e-05,1.98198e-05,1,
423,0.8,0.5,0.5,1,3.67132e-05,1.83566e-05,1.83566e-05,1,
424,0.8,0.5,0.5,1,3.67132e-05,1.83566e-05,1.83566e-05,1,
425,0.8,0.5,1,1,3.67132e-05,1.83566e-05,1.83566e-05,1,
426,0.8,0.5,0.5,1,3.67132e-05,1.83566e-05,1.83566e-05,1,
427,0.8,0.5,0.5,1,3.67132e-05,1.83566e-05,1.83566e-05,1,
428,0.8,0.5,0.5,1,3.67132e-05,1.83566e-05,1.83566e-05,1,
429,0.8,0.5,0.5,1,3.67132e-05,1.83566e-05,1.83566e-05,1,
430,0.5,0.35,1,0.855559,3.37583e-05,1.44411e-05,1.44411e-05,1,
431,0.8,0.5,1,1,3.67132e-05,1.83566e-05,1.83566e-05,1,
432,0.8,0.5,0.5,1,3.67132e-05,1.83566e-05,1.83566e-05,1,
433,0.490873,0.654564,1,1.17439,3.36475e-05,1.97576e-05,1.97576e-05,1,
434,0.8,0.5,0.5,1,3.67132e-05,1.83566e-05,1.83566e-05,1,
435,0.8,0.5,1,1,3.67132e-05,1.83566e-05,1.83566e-05,1,
436,0.571002,0.385501,1,0.887738,3.45682e-05,1.53437e-05,1.53437e-05,1,
437,0.8,0.5,0.5,1,3.67132e-05,1.83566e-05,1.83566e-05,1,
438,0.12202,0.83899,1,1.42269,2.62437e-05,1.86683e-05,1.86683e-05,1,
439,0.504167,0.647916,1,1.1663,3.38084e-05,1.97153e-05,1.97153e-05,1,
440,0.8,0.5,0.5,1,3.67132e-05,1.83566e-05,1.83566e-05,1,
441,0.8,0.5,0.5,1,3.67132e-05,1.83566e-05,1.83566e-05,1,
442,0.8,0.5,0.5,1,3.67132e-05,1.83566e-05,1.83566e-05,1,
443,4.73695e-17,0.111462,1,,,,,,skip_zero_dod
444,0.8,0.5,1,1,3.67132e-05,1.83566e-05,1.83566e-05,1,
445,0.8,0.5,0.5,1,3.67132e-05,1.83566e-05,1.83566e-05,1,
446,0.0472534,0.876373,1,1.47909,2.2155e-05,1.63846e-05,1.63846e-05,1,
447,0.8,0.5,0.5,1,3.67132e-05,1.83566e-05,1.83566e-05,1,
448,0.400905,0.300452,1,0.812589,3.2453e-05,1.31855e-05,1.31855e-05,1,
449,0.8,0.5,0.5,1,3.67132e-05,1.83566e-05,1.83566e-05,1,
450,0.8,0.5,0.5,1,3.67132e-05,1.83566e-05,1.83566e-05,1,
451,0.8,0.5,1,1,3.67132e-05,1.83566e-05,1.83566e-05,1,
452,0.8,0.5,0.5,1,3.67132e-05,1.83566e-05,1.83566e-05,1,
453,0.8,0.5,0.5,1,3.67132e-05,1.83566e-05,1.83566e-05,1,
454,0.8,0.5,1,1,3.67132e-05,1.83566e-05,1.83566e-05,1,
455,0.526522,0.363261,1,0.867441,3.40713e-05,1.47774e-05,1.47774e-05,1,
456,0.8,0.5,1,1,3.67132e-05,1.83566e-05,1.83566e-05,1,
457,0.0412696,0.420635,1,0.920775,2.16259e-05,9.95628e-06,9.95628e-06,1,
458,0.8,0.5,0.5,1,3.67132e-05,1.83566e-05,1.83566e-05,1,
459,0.8,0.5,0.5,1,3.67132e-05,1.83566e-05,1.83566e-05,1,
460,0.8,0.5,0.5,1,3.67132e-05,1.83566e-05,1.83566e-05,1,
461,4.73695e-17,0.330139,1,,,,,,skip_zero_dod
462,0.8,0.5,0.5,1,3.67132e-05,1.83566e-05,1.83566e-05,1,
463,0.8,0.5,0.5,1,3.67132e-05,1.83566e-05,1.83566e-05,1,
464,0.116567,0.841717,1,1.42673,2.60304e-05,1.85692e-05,1.85692e-05,1,
465,0.250899,0.774551,1,1.33047,2.98481e-05,1.9856e-05,1.9856e-05,1,
466,0.27086,0.465569,1,0.964825,3.02588e-05,1.45973e-05,1.45973e-05,1,
467,0.8,0.5,0.5,1,3.67132e-05,1.83566e-05,1.83566e-05,1,
468,0.8,0.5,0.5,1,3.67132e-05,1.83566e-05,1.83566e-05,1,
469,0.8,0.5,0.5,1,3.67132e-05,1.83566e-05,1.83566e-05,1,
470,1.42109e-16,0.301481,1,,,,,,skip_zero_dod
471,0.8,0.5,0.5,1,3.67132e-05,1.83566e-05,1.83566e-05,1,
472,0.8,0.5,0.5,1,3.67132e-05,1.83566e-05,1.83566e-05,1,
473,1.89478e-16,0.634602,1,,,,,,skip_zero_dod
474,0.8,0.5,0.5,1,3.67132e-05,1.83566e-05,1.83566e-05,1,
475,0.8,0.5,0.5,1,3.67132e-05,1.83566e-05,1.83566e-05,1,
476,0.8,0.5,0.5,1,3.67132e-05,1.83566e-05,1.83566e-05,1,
477,0.8,0.5,0.5,1,3.67132e-05,1.83566e-05,1.83566e-05,1,
478,0.8,0.5,0.5,1,3.67132e-05,1.83566e-05,1.83566e-05,1,
479,0.8,0.5,0.5,1,3.67132e-05,1.83566e-05,1.83566e-05,1,
480,0.8,0.5,0.5,1,3.67132e-05,1.83566e-05,1.83566e-05,1,
481,0.253758,0.773121,1,1.32849,2.99085e-05,1.98667e-05,1.98667e-05,1,
482,0.8,0.5,0.5,1,3.67132e-05,1.83566e-05,1.83566e-05,1,
483,0.177765,0.188883,1,0.723567,2.80672e-05,1.01543e-05,1.01543e-05,1,
484,0.8,0.5,0.5,1,3.67132e-05,1.83566e-05,1.83566e-05,1,
485,0.8,0.5,0.5,1,3.67132e-05,1.83566e-05,1.83566e-05,1,
486,0.8,0.5,0.5,1,3.67132e-05,1.83566e-05,1.83566e-05,1,
487,0.513485,0.643258,1,1.16066,3.39191e-05,1.96843e-05,1.96843e-05,1,
488,0.8,0.5,0.5,1,3.67132e-05,1.83566e-05,1.83566e-05,1,
489,0.8,0.5,0.5,1,3.67132e-05,1.83566e-05,1.83566e-05,1,
490,0.8,0.5,0.5,1,3.67132e-05,1.83566e-05,1.83566e-05,1,
491,0.8,0.5,1,1,3.67132e-05,1.83566e-05,1.83566e-05,1,
492,0.8,0.5,0.5,1,3.67132e-05,1.83566e-05,1.83566e-05,1,
493,0.8,0.5,0.5,1,3.67132e-05,1.83566e-05,1.83566e-05,1,
494,0.8,0.5,0.5,1,3.67132e-05,1.83566e-05,1.83566e-05,1,
495,0.8,0.5,0.5,1,3.67132e-05,1.83566e-05,1.83566e-05,1,
496,0.8,0.5,0.5,1,3.67132e-05,1.83566e-05,1.83566e-05,1,
497,0.8,0.5,0.5,1,3.67132e-05,1.83566e-05,1.83566e-05,1,
498,0.8,0.5,0.5,1,3.67132e-05,1.83566e-05,1.83566e-05,1,
499,0.8,0.5,0.5,1,3.67132e-05,1.83566e-05,1.83566e-05,1,
500,0.8,0.5,1,1,3.67132e-05,1.83566e-05,1.83566e-05,1,
501,0.8,0.5,0.5,1,3.67132e-05,1.83566e-05,1.83566e-05,1,
502,0.8,0.5,0.5,1,3.67132e-05,1.83566e-05,1.83566e-05,1,
503,0.8,0.5,0.5,1,3.67132e-05,1.83566e-05,1.83566e-05,1,
504,0.8,0.5,0.5,1,3.67132e-05,1.83566e-05,1.83566e-05,1,
505,0.02155,0.889225,1,1.49899,1.92573e-05,1.44333e-05,1.44333e-05,1,
506,0.8,0.5,1,1,3.67132e-05,1.83566e-05,1.83566e-05,1,
507,0.239933,0.219967,1,0.74734,2.96109e-05,1.10647e-05,1.10647e-05,1,
508,0.8,0.5,0.5,1,3.67132e-05,1.83566e-05,1.83566e-05,1,
509,0.8,0.5,0.5,1,3.67132e-05,1.83566e-05,1.83566e-05,1,
510,0.8,0.5,0.5,1,3.67132e-05,1.83566e-05,1.83566e-05,1,
511,0.119366,0.840317,1,1.42465,2.61409e-05,1.86209e-05,1.86209e-05,1,
512,0.8,0.5,0.5,1,3.67132e-05,1.83566e-05,1.83566e-05,1,
513,0.422842,0.311421,1,0.821912,3.27632e-05,1.34642e-05,1.34642e-05,1,
514,0.8,0.5,0.5,1,3.67132e-05,1.83566e-05,1.83566e-05,1,
515,0.8,0.5,0.5,1,3.67132e-05,1.83566e-05,1.83566e-05,1,
516,0.793112,0.496556,1,0.996425,3.66566e-05,1.82628e-05,1.82628e-05,1,
517,0.8,0.5,0.5,1,3.67132e-05,1.83566e-05,1.83566e-05,1,
518,0.339722,0.5,1,1,3.15076e-05,1.57538e-05,1.57538e-05,1,
519,0.8,0.5,0.5,1,3.67132e-05,1.83566e-05,1.83566e-05,1,
520,0.0646858,0.132343,1,0.682247,2.34325e-05,7.99338e-06,7.99338e-06,1,
521,2.84217e-16,0.6,1,,,,,,skip_zero_dod
522,0.8,0.5,0.5,1,3.67132e-05,1.83566e-05,1.83566e-05,1,
523,0.8,0.5,0.5,1,3.67132e-05,1.83566e-05,1.83566e-05,1,
524,0.356091,0.721954,1,1.25965,3.17735e-05,2.00117e-05,2.00117e-05,1,
525,0.8,0.5,1,1,3.67132e-05,1.83566e-05,1.83566e-05,1,
526,0.8,0.5,0.5,1,3.67132e-05,1.83566e-05,1.83566e-05,1,
527,3.78956e-16,0.9,1,,,,,,skip_zero_dod
528,1.89478e-16,0.451798,1,,,,,,skip_zero_dod
529,0.8,0.5,0.5,1,3.67132e-05,1.83566e-05,1.83566e-05,1,
530,0.8,0.5,1,1,3.67132e-05,1.83566e-05,1.83566e-05,1,
531,0.8,0.5,1,1,3.67132e-05,1.83566e-05,1.83566e-05,1,
532,0.8,0.5,1,1,3.67132e-05,1.83566e-05,1.83566e-05,1,
533,0.447366,0.323683,1,0.83246,3.30946e-05,1.3775e-05,1.3775e-05,1,
534,0.8,0.5,1,1,3.67132e-05,1.83566e-05,1.83566e-05,1,
535,0.8,0.5,0.5,1,3.67132e-05,1.83566e-05,1.83566e-05,1,
536,0.272026,0.763987,1,1.31593,3.02821e-05,1.99246e-05,1.99246e-05,1,
537,0.569861,0.615069,1,1.12713,3.45558e-05,1.94744e-05,1.94744e-05,1,
538,3.78956e-16,0.9,1,,,,,,skip_zero_dod
539,0.8,0.5,0.5,1,3.67132e-05,1.83566e-05,1.83566e-05,1,
540,0.769018,0.484509,1,0.984018,3.64552e-05,1.79363e-05,1.79363e-05,1,
541,0.8,0.5,1,1,3.67132e-05,1.83566e-05,1.83566e-05,1,
542,0.8,0.5,1,1,3.67132e-05,1.83566e-05,1.83566e-05,1,
543,0.8,0.5,0.5,1,3.67132e-05,1.83566e-05,1.83566e-05,1,
544,0.0881373,0.374208,1,0.877372,2.47631e-05,1.08632e-05,1.08632e-05,1,
545,0.8,0.5,0.5,1,3.67132e-05,1.83566e-05,1.83566e-05,1,
546,0.8,0.5,0.5,1,3.67132e-05,1.83566e-05,1.83566e-05,1,
547,0.8,0.5,0.5,1,3.67132e-05,1.83566e-05,1.83566e-05,1,
548,0.236074,0.218037,1,0.745842,2.95253e-05,1.10106e-05,1.10106e-05,1,
549,0.8,0.5,1,1,3.67132e-05,1.83566e-05,1.83566e-05,1,
550,0.8,0.5,0.5,1,3.67132e-05,1.83566e-05,1.83566e-05,1,
551,0.8,0.5,0.5,1,3.67132e-05,1.83566e-05,1.83566e-05,1,
552,0.288033,0.244016,1,0.766268,3.05928e-05,1.17211e-05,1.17211e-05,1,
553,0.486156,0.343078,1,0.849422,3.35895e-05,1.42659e-05,1.42659e-05,1,
554,0.8,0.5,0.5,1,3.67132e-05,1.83566e-05,1.83566e-05,1,
555,3.78956e-16,0.9,1,,,,,,skip_zero_dod
556,3.78956e-16,0.9,1,,,,,,skip_zero_dod
557,3.78956e-16,0.9,1,,,,,,skip_zero_dod
558,3.78956e-16,0.9,1,,,,,,skip_zero_dod
559,0.5,0.65,1,1.16883,3.37583e-05,1.97288e-05,1.97288e-05,1,
560,0.482355,0.658823,1,1.1796,3.35425e-05,1.97834e-05,1.97834e-05,1,
561,0.692502,0.553749,1,1.05749,3.57795e-05,1.89182e-05,1.89182e-05,1,
562,0.8,0.5,0.5,1,3.67132e-05,1.83566e-05,1.83566e-05,1,
563,0.389071,0.294535,1,0.807604,3.22799e-05,1.30347e-05,1.30347e-05,1,
564,0.036975,0.118488,1,0.672487,2.12058e-05,7.1303e-06,7.1303e-06,1,
565,1.89478e-16,0.599587,1,,,,,,skip_zero_dod
566,0.8,0.5,0.5,1,3.67132e-05,1.83566e-05,1.83566e-05,1,
567,0.8,0.5,0.5,1,3.67132e-05,1.83566e-05,1.83566e-05,1,
568,0.8,0.5,0.5,1,3.67132e-05,1.83566e-05,1.83566e-05,1,
569,0.8,0.5,0.5,1,3.67132e-05,1.83566e-05,1.83566e-05,1,
570,0.8,0.5,0.5,1,3.67132e-05,1.83566e-05,1.83566e-05,1,
571,0.8,0.5,0.5,1,3.67132e-05,1.83566e-05,1.83566e-05,1,
572,0.8,0.5,0.5,1,3.67132e-05,1.83566e-05,1.83566e-05,1,
573,0.8,0.5,0.5,1,3.67132e-05,1.83566e-05,1.83566e-05,1,
574,0.478082,0.339041,1,0.845864,3.34893e-05,1.41637e-05,1.41637e-05,1,
575,0.0876596,0.44383,1,0.943256,2.47391e-05,1.16676e-05,1.16676e-05,1,
576,0.8,0.5,0.5,1,3.67132e-05,1.83566e-05,1.83566e-05,1,
577,0.8,0.5,0.5,1,3.67132e-05,1.83566e-05,1.83566e-05,1,
578,0.8,0.5,0.5,1,3.67132e-05,1.83566e-05,1.83566e-05,1,
579,0.8,0.5,0.5,1,3.67132e-05,1.83566e-05,1.83566e-05,1,
580,0.8,0.5,0.5,1,3.67132e-05,1.83566e-05,1.83566e-05,1,
581,0.8,0.5,0.5,1,3.67132e-05,1.83566e-05,1.83566e-05,1,
582,0.418169,0.309085,1,0.819917,3.26982e-05,1.34049e-05,1.34049e-05,1,
583,0.8,0.5,1,1,3.67132e-05,1.83566e-05,1.83566e-05,1,
584,0.599786,0.399893,1,0.901125,3.4873e-05,1.57125e-05,1.57125e-05,1,
585,0.8,0.5,0.5,1,3.67132e-05,1.83566e-05,1.83566e-05,1,
586,0.8,0.5,0.5,1,3.67132e-05,1.83566e-05,1.83566e-05,1,
587,0.787965,0.493982,1,0.993761,3.6614e-05,1.81928e-05,1.81928e-05,1,
588,0.569861,0.384931,1,0.887211,3.45558e-05,1.53292e-05,1.53292e-05,1,
589,0.8,0.5,0.5,1,3.67132e-05,1.83566e-05,1.83566e-05,1,
590,0.8,0.5,0.5,1,3.67132e-05,1.83566e-05,1.83566e-05,1,
591,0.8,0.5,0.5,1,3.67132e-05,1.83566e-05,1.83566e-05,1,
592,0.363433,0.672233,1,1.19617,3.18894e-05,1.90725e-05,1.90725e-05,1,
593,0.569861,0.615069,1,1.12713,3.45558e-05,1.94744e-05,1.94744e-05,1,
594,0.8,0.5,0.5,1,3.67132e-05,1.83566e-05,1.83566e-05,1,
595,2.84217e-16,0.547063,1,,,,,,skip_zero_dod
596,0.0569375,0.871531,1,1.47166,2.29048e-05,1.68541e-05,1.68541e-05,1,
597,0.8,0.5,0.5,1,3.67132e-05,1.83566e-05,1.83566e-05,1,
598,0.8,0.5,0.5,1,3.67132e-05,1.83566e-05,1.83566e-05,1,
599,0.444072,0.322036,1,0.831036,3.3051e-05,1.37333e-05,1.37333e-05,1,
600,0.8,0.5,0.5,1,3.67132e-05,1.83566e-05,1.83566e-05,1,
601,0.8,0.5,0.5,1,3.67132e-05,1.83566e-05,1.83566e-05,1,
602,0.8,0.5,0.5,1,3.67132e-05,1.83566e-05,1.83566e-05,1,
603,0.569861,0.615069,1,1.12713,3.45558e-05,1.94744e-05,1.94744e-05,1,
604,0.8,0.5,0.5,1,3.67132e-05,1.83566e-05,1.83566e-05,1,
605,0.8,0.5,0.5,1,3.67132e-05,1.83566e-05,1.83566e-05,1,
606,0.600055,0.599973,1,1.10957,3.48758e-05,1.93486e-05,1.93486e-05,1,
607,9.4739e-17,0.816734,1,,,,,,skip_zero_dod
608,0.500554,0.649723,1,1.16849,3.3765e-05,1.9727e-05,1.9727e-05,1,
609,0.8,0.5,0.5,1,3.67132e-05,1.83566e-05,1.83566e-05,1,
610,9.4739e-17,0.826209,1,,,,,,skip_zero_dod
611,0.8,0.5,0.5,1,3.67132e-05,1.83566e-05,1.83566e-05,1,
612,0.8,0.5,0.5,1,3.67132e-05,1.83566e-05,1.83566e-05,1,
613,0.440421,0.320211,1,0.82946,3.30023e-05,1.3687e-05,1.3687e-05,1,
614,1.18424e-17,0.1,1,,,,,,skip_zero_dod
615,0.617471,0.408735,1,0.90945,3.50544e-05,1.59401e-05,1.59401e-05,1,
616,0.8,0.5,0.5,1,3.67132e-05,1.83566e-05,1.83566e-05,1,
617,0.0997105,0.850145,1,1.43929,2.53146e-05,1.82175e-05,1.82175e-05,1,
618,0.8,0.5,0.5,1,3.67132e-05,1.83566e-05,1.83566e-05,1,
619,0.8,0.5,0.5,1,3.67132e-05,1.83566e-05,1.83566e-05,1,
620,0.8,0.5,0.5,1,3.67132e-05,1.83566e-05,1.83566e-05,1,
621,0.8,0.5,0.5,1,3.67132e-05,1.83566e-05,1.83566e-05,1,
622,0.8,0.5,0.5,1,3.67132e-05,1.83566e-05,1.83566e-05,1,
623,2.36848e-17,0.109658,1,,,,,,skip_zero_dod
624,0.8,0.5,0.5,1,3.67132e-05,1.83566e-05,1.83566e-05,1,
625,0.8,0.5,0.5,1,3.67132e-05,1.83566e-05,1.83566e-05,1,
626,0.8,0.5,0.5,1,3.67132e-05,1.83566e-05,1.83566e-05,1,
627,0.8,0.5,0.5,1,3.67132e-05,1.83566e-05,1.83566e-05,1,
628,0.8,0.5,0.5,1,3.67132e-05,1.83566e-05,1.83566e-05,1,
629,0.8,0.5,0.5,1,3.67132e-05,1.83566e-05,1.83566e-05,1,
630,0.8,0.5,0.5,1,3.67132e-05,1.83566e-05,1.83566e-05,1,
631,0.8,0.5,0.5,1,3.67132e-05,1.83566e-05,1.83566e-05,1,
632,0.8,0.5,0.5,1,3.67132e-05,1.83566e-05,1.83566e-05,1,
633,0.8,0.5,0.5,1,3.67132e-05,1.83566e-05,1.83566e-05,1,
634,0.286829,0.243414,1,0.765789,3.05699e-05,1.1705e-05,1.1705e-05,1,
635,0.754828,0.477414,1,0.976784,3.63342e-05,1.77454e-05,1.77454e-05,1,
636,0.8,0.5,0.5,1,3.67132e-05,1.83566e-05,1.83566e-05,1,
637,0.8,0.5,0.5,1,3.67132e-05,1.83566e-05,1.83566e-05,1,
638,0.8,0.5,1,1,3.67132e-05,1.83566e-05,1.83566e-05,1,
639,0.8,0.5,0.5,1,3.67132e-05,1.83566e-05,1.83566e-05,1,
640,0.8,0.5,0.5,1,3.67132e-05,1.83566e-05,1.83566e-05,1,
641,0.8,0.5,0.5,1,3.67132e-05,1.83566e-05,1.83566e-05,1,
642,0.8,0.5,0.5,1,3.67132e-05,1.83566e-05,1.83566e-05,1,
643,0.8,0.5,0.5,1,3.67132e-05,1.83566e-05,1.83566e-05,1,
644,0.127195,0.836403,1,1.41887,2.6439e-05,1.87567e-05,1.87567e-05,1,
645,0.8,0.5,0.5,1,3.67132e-05,1.83566e-05,1.83566e-05,1,
646,0.8,0.5,0.5,1,3.67132e-05,1.83566e-05,1.83566e-05,1,
647,0.8,0.5,0.5,1,3.67132e-05,1.83566e-05,1.83566e-05,1,
648,4.73695e-17,0.208257,1,,,,,,skip_zero_dod
649,0.569861,0.384931,1,0.887211,3.45558e-05,1.53292e-05,1.53292e-05,1,
650,0.719622,0.459811,1,0.959065,3.60257e-05,1.72755e-05,1.72755e-05,1,
651,0.387098,0.293549,1,0.806776,3.22506e-05,1.30095e-05,1.30095e-05,1,
652,0.603715,0.401857,1,0.902968,3.49137e-05,1.5763e-05,1.5763e-05,1,
653,0.8,0.5,0.5,1,3.67132e-05,1.83566e-05,1.83566e-05,1,
654,3.78956e-16,0.9,1,,,,,,skip_zero_dod
655,0.8,0.5,0.5,1,3.67132e-05,1.83566e-05,1.83566e-05,1,
656,0.8,0.5,0.5,1,3.67132e-05,1.83566e-05,1.83566e-05,1,
657,0.8,0.5,0.5,1,3.67132e-05,1.83566e-05,1.83566e-05,1,
658,0.8,0.5,0.5,1,3.67132e-05,1.83566e-05,1.83566e-05,1,
659,0.8,0.5,0.5,1,3.67132e-05,1.83566e-05,1.83566e-05,1,
660,0.8,0.5,0.5,1,3.67132e-05,1.83566e-05,1.83566e-05,1,
661,0.8,0.5,0.5,1,3.67132e-05,1.83566e-05,1.83566e-05,1,
662,0.8,0.5,1,1,3.67132e-05,1.83566e-05,1.83566e-05,1,
663,0.8,0.5,0.5,1,3.67132e-05,1.83566e-05,1.83566e-05,1,
664,0.8,0.5,0.5,1,3.67132e-05,1.83566e-05,1.83566e-05,1,
665,0.8,0.5,0.5,1,3.67132e-05,1.83566e-05,1.83566e-05,1,
666,0.8,0.5,0.5,1,3.67132e-05,1.83566e-05,1.83566e-05,1,
667,0.8,0.5,0.5,1,3.67132e-05,1.83566e-05,1.83566e-05,1,
668,0.8,0.5,0.5,1,3.67132e-05,1.83566e-05,1.83566e-05,1,
669,0.8,0.5,0.5,1,3.67132e-05,1.83566e-05,1.83566e-05,1,
670,0.8,0.5,0.5,1,3.67132e-05,1.83566e-05,1.83566e-05,1,
671,0.8,0.5,1,1,3.67132e-05,1.83566e-05,1.83566e-05,1,
672,0.692305,0.446153,1,0.945538,3.57777e-05,1.69146e-05,1.69146e-05,1,
673,0.8,0.5,1,1,3.67132e-05,1.83566e-05,1.83566e-05,1,
674,0.8,0.5,0.5,1,3.67132e-05,1.83566e-05,1.83566e-05,1,
675,0.8,0.5,0.5,1,3.67132e-05,1.83566e-05,1.83566e-05,1,
676,9.4739e-17,0.234575,1,,,,,,skip_zero_dod
677,0.28774,0.724759,1,1.26333,3.05872e-05,1.93208e-05,1.93208e-05,1,
678,0.8,0.5,0.5,1,3.67132e-05,1.83566e-05,1.83566e-05,1,
679,0.3281,0.73595,1,1.27812,3.13124e-05,2.00105e-05,2.00105e-05,1,
680,0.8,0.5,0.5,1,3.67132e-05,1.83566e-05,1.83566e-05,1,
681,0.0979873,0.148994,1,0.694164,2.52359e-05,8.75892e-06,8.75892e-06,1,
682,0.8,0.5,0.5,1,3.67132e-05,1.83566e-05,1.83566e-05,1,
683,9.4739e-17,0.655543,1,,,,,,skip_zero_dod
684,0.8,0.5,0.5,1,3.67132e-05,1.83566e-05,1.83566e-05,1,
685,2.84217e-16,0.6,1,,,,,,skip_zero_dod
686,0.8,0.5,0.5,1,3.67132e-05,1.83566e-05,1.83566e-05,1,
687,3.78956e-16,0.9,1,,,,,,skip_zero_dod
688,0.8,0.5,0.5,1,3.67132e-05,1.83566e-05,1.83566e-05,1,
689,4.73695e-17,0.4,1,,,,,,skip_zero_dod
690,0.8,0.5,0.5,1,3.67132e-05,1.83566e-05,1.83566e-05,1,
691,3.78956e-16,0.9,1,,,,,,skip_zero_dod
692,0.8,0.5,0.5,1,3.67132e-05,1.83566e-05,1.83566e-05,1,
693,0.5,0.35,1,0.855559,3.37583e-05,1.44411e-05,1.44411e-05,1,
694,0.8,0.5,1,1,3.67132e-05,1.83566e-05,1.83566e-05,1,
695,0.8,0.5,1,1,3.67132e-05,1.83566e-05,1.83566e-05,1,
696,0.8,0.5,0.5,1,3.67132e-05,1.83566e-05,1.83566e-05,1,
697,0.8,0.5,0.5,1,3.67132e-05,1.83566e-05,1.83566e-05,1,
698,2.84217e-16,0.6,1,,,,,,skip_zero_dod
699,0.8,0.5,0.5,1,3.67132e-05,1.83566e-05,1.83566e-05,1,
700,0.8,0.5,0.5,1,3.67132e-05,1.83566e-05,1.83566e-05,1,
701,0.8,0.5,0.5,1,3.67132e-05,1.83566e-05,1.83566e-05,1,
702,0.8,0.5,0.5,1,3.67132e-05,1.83566e-05,1.83566e-05,1,
703,0.5,0.65,1,1.16883,3.37583e-05,1.97288e-05,1.97288e-05,1,
704,0.8,0.5,1,1,3.67132e-05,1.83566e-05,1.83566e-05,1,
705,0.8,0.5,0.5,1,3.67132e-05,1.83566e-05,1.83566e-05,1,
706,0.8,0.5,0.5,1,3.67132e-05,1.83566e-05,1.83566e-05,1,
707,0.8,0.5,0.5,1,3.67132e-05,1.83566e-05,1.83566e-05,1,
708,0.569861,0.615069,1,1.12713,3.45558e-05,1.94744e-05,1.94744e-05,1,
709,0.569861,0.615069,1,1.12713,3.45558e-05,1.94744e-05,1.94744e-05,1,
710,0.149106,0.825447,1,1.40279,2.72e-05,1.9078e-05,1.9078e-05,1,
711,0.270527,0.561324,1,1.06585,3.02522e-05,1.61222e-05,1.61222e-05,1,
712,0.52486,0.592569,1,1.10106,3.40521e-05,1.87466e-05,1.87466e-05,1,
713,0.543135,0.398294,1,0.899627,3.42608e-05,1.5411e-05,1.5411e-05,1,
714,0.8,0.5,0.5,1,3.67132e-05,1.83566e-05,1.83566e-05,1,
715,0.8,0.5,0.5,1,3.67132e-05,1.83566e-05,1.83566e-05,1,
716,0.8,0.5,0.5,1,3.67132e-05,1.83566e-05,1.83566e-05,1,
717,0.8,0.5,0.5,1,3.67132e-05,1.83566e-05,1.83566e-05,1,
718,0.8,0.5,0.5,1,3.67132e-05,1.83566e-05,1.83566e-05,1,
719,0.8,0.5,0.5,1,3.67132e-05,1.83566e-05,1.83566e-05,1,
720,0.8,0.5,0.5,1,3.67132e-05,1.83566e-05,1.83566e-05,1,
721,9.4739e-17,0.438237,1,,,,,,skip_zero_dod
722,0.591361,0.39568,1,0.897186,3.47851e-05,1.56043e-05,1.56043e-05,1,
723,0.735301,0.467651,1,0.966916,3.61646e-05,1.74841e-05,1.74841e-05,1,
724,0.8,0.5,1,1,3.67132e-05,1.83566e-05,1.83566e-05,1,
725,0.8,0.5,0.5,1,3.67132e-05,1.83566e-05,1.83566e-05,1,
726,0.469354,0.564816,1,1.06973,3.33793e-05,1.78535e-05,1.78535e-05,1,
727,0.538973,0.527512,1,1.02903,3.42137e-05,1.76034e-05,1.76034e-05,1,
728,0.670368,0.564816,1,1.06973,3.55726e-05,1.90266e-05,1.90266e-05,1,
729,0.353434,0.723283,1,1.26139,3.1731e-05,2.00126e-05,2.00126e-05,1,
730,0.8,0.5,0.5,1,3.67132e-05,1.83566e-05,1.83566e-05,1,
731,0.8,0.5,1,1,3.67132e-05,1.83566e-05,1.83566e-05,1,
732,2.84217e-16,0.6,1,,,,,,skip_zero_dod
733,0.8,0.5,1,1,3.67132e-05,1.83566e-05,1.83566e-05,1,
734,0.8,0.5,1,1,3.67132e-05,1.83566e-05,1.83566e-05,1,
735,0.554914,0.377457,1,0.880342,3.43923e-05,1.51385e-05,1.51385e-05,1,
736,0.8,0.5,1,1,3.67132e-05,1.83566e-05,1.83566e-05,1,
737,0.8,0.5,0.5,1,3.67132e-05,1.83566e-05,1.83566e-05,1,
738,0.8,0.5,0.5,1,3.67132e-05,1.83566e-05,1.83566e-05,1,
739,9.4739e-17,0.286067,1,,,,,,skip_zero_dod
740,0.8,0.5,1,1,3.67132e-05,1.83566e-05,1.83566e-05,1,
741,0.8,0.5,0.5,1,3.67132e-05,1.83566e-05,1.83566e-05,1,
742,0.8,0.5,0.5,1,3.67132e-05,1.83566e-05,1.83566e-05,1,
743,2.84217e-16,0.6,1,,,,,,skip_zero_dod
744,0.8,0.5,1,1,3.67132e-05,1.83566e-05,1.83566e-05,1,
745,0.2,0.5,1,1,2.8664e-05,1.4332e-05,1.4332e-05,1,
746,0.8,0.5,1,1,3.67132e-05,1.83566e-05,1.83566e-05,1,
747,0.8,0.5,1,1,3.67132e-05,1.83566e-05,1.83566e-05,1,
748,0.653825,0.426912,1,0.926806,3.54143e-05,1.64111e-05,1.64111e-05,1,
749,0.282119,0.241059,1,0.763915,3.04797e-05,1.16419e-05,1.16419e-05,1,
750,0.8,0.5,1,1,3.67132e-05,1.83566e-05,1.83566e-05,1,
751,0.5,0.35,1,0.855559,3.37583e-05,1.44411e-05,1.44411e-05,1,
752,0.021559,0.88922,1,1.49899,1.92588e-05,1.44343e-05,1.44343e-05,1,
753,0.8,0.5,0.5,1,3.67132e-05,1.83566e-05,1.83566e-05,1,
754,3.78956e-16,0.9,1,,,,,,skip_zero_dod
755,0.8,0.5,0.5,1,3.67132e-05,1.83566e-05,1.83566e-05,1,
756,0.8,0.5,0.5,1,3.67132e-05,1.83566e-05,1.83566e-05,1,
757,3.78956e-16,0.9,1,,,,,,skip_zero_dod
758,3.78956e-16,0.9,1,,,,,,skip_zero_dod
759,0.8,0.5,0.5,1,3.67132e-05,1.83566e-05,1.83566e-05,1,
760,1.42109e-16,0.415004,1,,,,,,skip_zero_dod
761,0.8,0.5,0.5,1,3.67132e-05,1.83566e-05,1.83566e-05,1,
762,0.8,0.5,0.5,1,3.67132e-05,1.83566e-05,1.83566e-05,1,
763,2.84217e-16,0.6,1,,,,,,skip_zero_dod
764,0.8,0.5,1,1,3.67132e-05,1.83566e-05,1.83566e-05,1,
765,0.8,0.5,1,1,3.67132e-05,1.83566e-05,1.83566e-05,1,
766,0.8,0.5,0.5,1,3.67132e-05,1.83566e-05,1.83566e-05,1,
767,0.8,0.5,0.5,1,3.67132e-05,1.83566e-05,1.83566e-05,1,
768,0.8,0.5,1,1,3.67132e-05,1.83566e-05,1.83566e-05,1,
769,0.8,0.5,1,1,3.67132e-05,1.83566e-05,1.83566e-05,1,
770,9.4739e-17,0.821169,1,,,,,,skip_zero_dod
771,0.8,0.5,1,1,3.67132e-05,1.83566e-05,1.83566e-05,1,
772,0.8,0.5,0.5,1,3.67132e-05,1.83566e-05,1.83566e-05,1,
773,0.8,0.5,0.5,1,3.67132e-05,1.83566e-05,1.83566e-05,1,
774,0.8,0.5,0.5,1,3.67132e-05,1.83566e-05,1.83566e-05,1,
775,0.130221,0.83489,1,1.41664,2.65502e-05,1.8806e-05,1.8806e-05,1,
776,0.8,0.5,0.5,1,3.67132e-05,1.83566e-05,1.83566e-05,1,
777,0.627944,0.413972,1,0.914416,3.51598e-05,1.60754e-05,1.60754e-05,1,
778,0.74734,0.47367,1,0.972988,3.62696e-05,1.7645e-05,1.7645e-05,1,
779,0.8,0.5,0.5,1,3.67132e-05,1.83566e-05,1.83566e-05,1,
780,0.8,0.5,0.5,1,3.67132e-05,1.83566e-05,1.83566e-05,1,
781,0.8,0.5,0.5,1,3.67132e-05,1.83566e-05,1.83566e-05,1,
782,3.78956e-16,0.9,1,,,,,,skip_zero_dod
783,0.8,0.5,0.5,1,3.67132e-05,1.83566e-05,1.83566e-05,1,
784,0.744276,0.527862,1,1.0294,3.6243e-05,1.86543e-05,1.86543e-05,1,
785,0.8,0.5,0.5,1,3.67132e-05,1.83566e-05,1.83566e-05,1,
786,0.8,0.5,0.5,1,3.67132e-05,1.83566e-05,1.83566e-05,1,
787,0.8,0.5,1,1,3.67132e-05,1.83566e-05,1.83566e-05,1,
788,0.8,0.5,1,1,3.67132e-05,1.83566e-05,1.83566e-05,1,
789,0.8,0.5,1,1,3.67132e-05,1.83566e-05,1.83566e-05,1,
790,0.8,0.5,1,1,3.67132e-05,1.83566e-05,1.83566e-05,1,
791,0.0237656,0.111883,1,0.667883,1.95967e-05,6.54417e-06,6.54417e-06,1,
792,0.8,0.5,1,1,3.67132e-05,1.83566e-05,1.83566e-05,1,
793,0.395191,0.297596,1,0.810179,3.237e-05,1.31127e-05,1.31127e-05,1,
794,0.8,0.5,0.5,1,3.67132e-05,1.83566e-05,1.83566e-05,1,
795,0.155817,0.822091,1,1.39791,2.74146e-05,1.91615e-05,1.91615e-05,1,
796,0.8,0.5,0.5,1,3.67132e-05,1.83566e-05,1.83566e-05,1,
797,0.8,0.5,0.5,1,3.67132e-05,1.83566e-05,1.83566e-05,1,
798,0.8,0.5,0.5,1,3.67132e-05,1.83566e-05,1.83566e-05,1,
799,0.8,0.5,0.5,1,3.67132e-05,1.83566e-05,1.83566e-05,1,
800,0.8,0.5,0.5,1,3.67132e-05,1.83566e-05,1.83566e-05,1,
801,0.592143,0.396072,1,0.897551,3.47933e-05,1.56144e-05,1.56144e-05,1,
802,0.8,0.5,0.5,1,3.67132e-05,1.83566e-05,1.83566e-05,1,
803,0.8,0.5,0.5,1,3.67132e-05,1.83566e-05,1.83566e-05,1,
804,0.8,0.5,0.5,1,3.67132e-05,1.83566e-05,1.83566e-05,1,
805,0.8,0.5,0.5,1,3.67132e-05,1.83566e-05,1.83566e-05,1,
806,0.8,0.5,0.5,1,3.67132e-05,1.83566e-05,1.83566e-05,1,
807,3.78956e-16,0.9,1,,,,,,skip_zero_dod
808,0.8,0.5,0.5,1,3.67132e-05,1.83566e-05,1.83566e-05,1,
809,0.8,0.5,1,1,3.67132e-05,1.83566e-05,1.83566e-05,1,
810,0.8,0.5,1,1,3.67132e-05,1.83566e-05,1.83566e-05,1,
811,0.8,0.5,0.5,1,3.67132e-05,1.83566e-05,1.83566e-05,1,
812,0.8,0.5,0.5,1,3.67132e-05,1.83566e-05,1.83566e-05,1,
813,0.8,0.5,0.5,1,3.67132e-05,1.83566e-05,1.83566e-05,1,
814,0.8,0.5,0.5,1,3.67132e-05,1.83566e-05,1.83566e-05,1,
815,0.8,0.5,0.5,1,3.67132e-05,1.83566e-05,1.83566e-05,1,
816,0.8,0.5,0.5,1,3.67132e-05,1.83566e-05,1.83566e-05,1,
817,2.84217e-16,0.6,1,,,,,,skip_zero_dod
818,0.8,0.5,0.5,1,3.67132e-05,1.83566e-05,1.83566e-05,1,
819,0.8,0.5,0.5,1,3.67132e-05,1.83566e-05,1.83566e-05,1,
820,0.8,0.5,0.5,1,3.67132e-05,1.83566e-05,1.83566e-05,1,
821,0.8,0.5,0.5,1,3.67132e-05,1.83566e-05,1.83566e-05,1,
822,2.84217e-16,0.6,1,,,,,,skip_zero_dod
823,0.8,0.5,0.5,1,3.67132e-05,1.83566e-05,1.83566e-05,1,
824,0.8,0.5,0.5,1,3.67132e-05,1.83566e-05,1.83566e-05,1,
825,0.8,0.5,0.5,1,3.67132e-05,1.83566e-05,1.83566e-05,1,
826,0.8,0.5,0.5,1,3.67132e-05,1.83566e-05,1.83566e-05,1,
827,0.8,0.5,0.5,1,3.67132e-05,1.83566e-05,1.83566e-05,1,
828,0.300014,0.749993,1,1.29692,3.08162e-05,1.99831e-05,1.99831e-05,1,
829,3.78956e-16,0.9,1,,,,,,skip_zero_dod
830,0.8,0.5,0.5,1,3.67132e-05,1.83566e-05,1.83566e-05,1,
831,4.73695e-17,0.338579,1,,,,,,skip_zero_dod
832,0.733464,0.533268,1,1.0352,3.61485e-05,1.87105e-05,1.87105e-05,1,
833,0.8,0.5,0.5,1,3.67132e-05,1.83566e-05,1.83566e-05,1,
834,0.8,0.5,0.5,1,3.67132e-05,1.83566e-05,1.83566e-05,1,
835,0.356417,0.278208,1,0.794007,3.17786e-05,1.26162e-05,1.26162e-05,1,
836,0.8,0.5,0.5,1,3.67132e-05,1.83566e-05,1.83566e-05,1,
837,0.8,0.5,0.5,1,3.67132e-05,1.83566e-05,1.83566e-05,1,
838,0.8,0.5,1,1,3.67132e-05,1.83566e-05,1.83566e-05,1,
839,0.8,0.5,0.5,1,3.67132e-05,1.83566e-05,1.83566e-05,1,
840,3.78956e-16,0.9,1,,,,,,skip_zero_dod
841,3.78956e-16,0.9,1,,,,,,skip_zero_dod
842,0.8,0.5,0.5,1,3.67132e-05,1.83566e-05,1.83566e-05,1,
843,2.84217e-16,0.6,1,,,,,,skip_zero_dod
844,0.8,0.5,1,1,3.67132e-05,1.83566e-05,1.83566e-05,1,
845,0.614401,0.407201,1,0.908,3.50232e-05,1.59005e-05,1.59005e-05,1,
846,0.480905,0.340453,1,0.847106,3.35245e-05,1.41994e-05,1.41994e-05,1,
847,0.8,0.5,0.5,1,3.67132e-05,1.83566e-05,1.83566e-05,1,
848,0.8,0.5,0.5,1,3.67132e-05,1.83566e-05,1.83566e-05,1,
849,0.8,0.5,0.5,1,3.67132e-05,1.83566e-05,1.83566e-05,1,
850,0.8,0.5,0.5,1,3.67132e-05,1.83566e-05,1.83566e-05,1,
851,0.8,0.5,0.5,1,3.67132e-05,1.83566e-05,1.83566e-05,1,
852,0.8,0.5,0.5,1,3.67132e-05,1.83566e-05,1.83566e-05,1,
853,0.8,0.5,1,1,3.67132e-05,1.83566e-05,1.83566e-05,1,
854,0.467208,0.666396,1,1.18893,3.3352e-05,1.98266e-05,1.98266e-05,1,
855,0.8,0.5,1,1,3.67132e-05,1.83566e-05,1.83566e-05,1,
856,0.8,0.5,0.5,1,3.67132e-05,1.83566e-05,1.83566e-05,1,
857,0.8,0.5,0.5,1,3.67132e-05,1.83566e-05,1.83566e-05,1,
858,0.0398772,0.119939,1,0.673502,2.14938e-05,7.23806e-06,7.23806e-06,1,
859,0.8,0.5,0.5,1,3.67132e-05,1.83566e-05,1.83566e-05,1,
860,3.78956e-16,0.9,1,,,,,,skip_zero_dod
861,0.8,0.5,0.5,1,3.67132e-05,1.83566e-05,1.83566e-05,1,
862,0.8,0.5,1,1,3.67132e-05,1.83566e-05,1.83566e-05,1,
863,0.00490758,0.897546,1,1.51202,1.47869e-05,1.11791e-05,1.11791e-05,1,
864,0.8,0.5,0.5,1,3.67132e-05,1.83566e-05,1.83566e-05,1,
865,0.585818,0.607091,1,1.11781,3.47266e-05,1.9409e-05,1.9409e-05,1,
866,0.8,0.5,0.5,1,3.67132e-05,1.83566e-05,1.83566e-05,1,
867,0.590751,0.395376,1,0.896901,3.47787e-05,1.55965e-05,1.55965e-05,1,
868,0.8,0.5,1,1,3.67132e-05,1.83566e-05,1.83566e-05,1,
869,0.8,0.5,0.5,1,3.67132e-05,1.83566e-05,1.83566e-05,1,
870,0.8,0.5,0.5,1,3.67132e-05,1.83566e-05,1.83566e-05,1,
871,0.339722,0.5,1,1,3.15076e-05,1.57538e-05,1.57538e-05,1,
872,0.8,0.5,1,1,3.67132e-05,1.83566e-05,1.83566e-05,1,
873,0.366177,0.283088,1,0.798047,3.19323e-05,1.27417e-05,1.27417e-05,1,
874,0.8,0.5,0.5,1,3.67132e-05,1.83566e-05,1.83566e-05,1,
875,0.8,0.5,0.5,1,3.67132e-05,1.83566e-05,1.83566e-05,1,
876,0.8,0.5,0.5,1,3.67132e-05,1.83566e-05,1.83566e-05,1,
877,0.8,0.5,0.5,1,3.67132e-05,1.83566e-05,1.83566e-05,1,
878,0.8,0.5,0.5,1,3.67132e-05,1.83566e-05,1.83566e-05,1,
879,3.78956e-16,0.9,1,,,,,,skip_zero_dod
880,3.78956e-16,0.9,1,,,,,,skip_zero_dod
881,0.511131,0.644435,1,1.16208,3.38913e-05,1.96922e-05,1.96922e-05,1,
882,0.8,0.5,0.5,1,3.67132e-05,1.83566e-05,1.83566e-05,1,
883,0.8,0.5,0.5,1,3.67132e-05,1.83566e-05,1.83566e-05,1,
884,3.78956e-16,0.9,1,,,,,,skip_zero_dod
885,0.330693,0.734653,1,1.27639,3.13565e-05,2.00116e-05,2.00116e-05,1,
886,0.8,0.5,0.5,1,3.67132e-05,1.83566e-05,1.83566e-05,1,
887,0.8,0.5,1,1,3.67132e-05,1.83566e-05,1.83566e-05,1,
888,0.8,0.5,0.5,1,3.67132e-05,1.83566e-05,1.83566e-05,1,
889,3.78956e-16,0.9,1,,,,,,skip_zero_dod
890,0.8,0.5,0.5,1,3.67132e-05,1.83566e-05,1.83566e-05,1,
891,0.2,0.5,1,1,2.8664e-05,1.4332e-05,1.4332e-05,1,
892,0.8,0.5,0.5,1,3.67132e-05,1.83566e-05,1.83566e-05,1,
893,0.263937,0.768031,1,1.32148,3.01193e-05,1.9901e-05,1.9901e-05,1,
894,0.8,0.5,0.5,1,3.67132e-05,1.83566e-05,1.83566e-05,1,
895,0.5,0.65,1,1.16883,3.37583e-05,1.97288e-05,1.97288e-05,1,
896,0.8,0.5,0.5,1,3.67132e-05,1.83566e-05,1.83566e-05,1,
897,0.8,0.5,0.5,1,3.67132e-05,1.83566e-05,1.83566e-05,1,
898,0.8,0.5,0.5,1,3.67132e-05,1.83566e-05,1.83566e-05,1,
899,0.109915,0.845043,1,1.43167,2.57587e-05,1.84391e-05,1.84391e-05,1,
900,0.8,0.5,0.5,1,3.67132e-05,1.83566e-05,1.83566e-05,1,
901,0.8,0.5,0.5,1,3.67132e-05,1.83566e-05,1.83566e-05,1,
902,3.78956e-16,0.9,1,,,,,,skip_zero_dod
903,0.8,0.5,0.5,1,3.67132e-05,1.83566e-05,1.83566e-05,1,
904,0.8,0.5,0.5,1,3.67132e-05,1.83566e-05,1.83566e-05,1,
905,3.78956e-16,0.9,1,,,,,,skip_zero_dod
906,0.8,0.5,0.5,1,3.67132e-05,1.83566e-05,1.83566e-05,1,
907,0.8,0.5,0.5,1,3.67132e-05,1.83566e-05,1.83566e-05,1,
908,3.78956e-16,0.9,1,,,,,,skip_zero_dod
909,3.78956e-16,0.9,1,,,,,,skip_zero_dod
910,3.78956e-16,0.9,1,,,,,,skip_zero_dod
911,0.8,0.5,0.5,1,3.67132e-05,1.83566e-05,1.83566e-05,1,
912,0.8,0.5,0.5,1,3.67132e-05,1.83566e-05,1.83566e-05,1,
913,3.78956e-16,0.9,1,,,,,,skip_zero_dod
914,0.8,0.5,0.5,1,3.67132e-05,1.83566e-05,1.83566e-05,1,
915,0.8,0.5,0.5,1,3.67132e-05,1.83566e-05,1.83566e-05,1,
916,0.8,0.5,0.5,1,3.67132e-05,1.83566e-05,1.83566e-05,1,
917,0.8,0.5,0.5,1,3.67132e-05,1.83566e-05,1.83566e-05,1,
918,0.8,0.5,0.5,1,3.67132e-05,1.83566e-05,1.83566e-05,1,
919,0.569861,0.384931,1,0.887211,3.45558e-05,1.53292e-05,1.53292e-05,1,
920,0.8,0.5,0.5,1,3.67132e-05,1.83566e-05,1.83566e-05,1,
921,0.8,0.5,0.5,1,3.67132e-05,1.83566e-05,1.83566e-05,1,
922,0.8,0.5,0.5,1,3.67132e-05,1.83566e-05,1.83566e-05,1,
923,3.78956e-16,0.9,1,,,,,,skip_zero_dod
924,0.8,0.5,0.5,1,3.67132e-05,1.83566e-05,1.83566e-05,1,
925,0.8,0.5,0.5,1,3.67132e-05,1.83566e-05,1.83566e-05,1,
926,3.78956e-16,0.9,1,,,,,,skip_zero_dod
927,3.78956e-16,0.9,1,,,,,,skip_zero_dod
928,0.612341,0.59383,1,1.1025,3.50022e-05,1.9295e-05,1.9295e-05,1,
929,0.8,0.5,0.5,1,3.67132e-05,1.83566e-05,1.83566e-05,1,
930,0.8,0.5,0.5,1,3.67132e-05,1.83566e-05,1.83566e-05,1,
931,0.569861,0.615069,1,1.12713,3.45558e-05,1.94744e-05,1.94744e-05,1,
932,0.41608,0.69196,1,1.22096,3.2669e-05,1.99438e-05,1.99438e-05,1,
933,0.8,0.5,0.5,1,3.67132e-05,1.83566e-05,1.83566e-05,1,
934,0.8,0.5,0.5,1,3.67132e-05,1.83566e-05,1.83566e-05,1,
935,0.8,0.5,0.5,1,3.67132e-05,1.83566e-05,1.83566e-05,1,
936,0.8,0.5,0.5,1,3.67132e-05,1.83566e-05,1.83566e-05,1,
937,3.78956e-16,0.9,1,,,,,,skip_zero_dod
938,0.8,0.5,0.5,1,3.67132e-05,1.83566e-05,1.83566e-05,1,
939,0.8,0.5,0.5,1,3.67132e-05,1.83566e-05,1.83566e-05,1,
940,0.8,0.5,0.5,1,3.67132e-05,1.83566e-05,1.83566e-05,1,
941,0.8,0.5,0.5,1,3.67132e-05,1.83566e-05,1.83566e-05,1,
942,3.78956e-16,0.9,1,,,,,,skip_zero_dod
943,0.8,0.5,0.5,1,3.67132e-05,1.83566e-05,1.83566e-05,1,
944,0.196579,0.80171,1,1.36859,2.85759e-05,1.95543e-05,1.95543e-05,1,
945,0.8,0.5,0.5,1,3.67132e-05,1.83566e-05,1.83566e-05,1,
946,0.8,0.5,0.5,1,3.67132e-05,1.83566e-05,1.83566e-05,1,
947,0.8,0.5,0.5,1,3.67132e-05,1.83566e-05,1.83566e-05,1,
948,0.8,0.5,0.5,1,3.67132e-05,1.83566e-05,1.83566e-05,1,
949,0.8,0.5,0.5,1,3.67132e-05,1.83566e-05,1.83566e-05,1,
950,0.139521,0.83024,1,1.4098,2.68793e-05,1.89472e-05,1.89472e-05,1,
951,0.0709091,0.864545,1,1.46101,2.382e-05,1.74006e-05,1.74006e-05,1,
952,0.8,0.5,0.5,1,3.67132e-05,1.83566e-05,1.83566e-05,1,
953,0.0263167,0.113158,1,0.66877,1.99568e-05,6.67324e-06,6.67324e-06,1,
954,0.8,0.5,0.5,1,3.67132e-05,1.83566e-05,1.83566e-05,1,
955,0.456559,0.671721,1,1.19553,3.3215e-05,1.98547e-05,1.98547e-05,1,
956,0.8,0.5,0.5,1,3.67132e-05,1.83566e-05,1.83566e-05,1,
957,0.317084,0.258542,1,0.777932,3.11221e-05,1.21054e-05,1.21054e-05,1,
958,0.8,0.5,0.5,1,3.67132e-05,1.83566e-05,1.83566e-05,1,
959,0.8,0.5,0.5,1,3.67132e-05,1.83566e-05,1.83566e-05,1,
960,0.8,0.5,0.5,1,3.67132e-05,1.83566e-05,1.83566e-05,1,
961,0.8,0.5,0.5,1,3.67132e-05,1.83566e-05,1.83566e-05,1,
962,0.8,0.5,0.5,1,3.67132e-05,1.83566e-05,1.83566e-05,1,
963,0.8,0.5,0.5,1,3.67132e-05,1.83566e-05,1.83566e-05,1,
964,0.8,0.5,1,1,3.67132e-05,1.83566e-05,1.83566e-05,1,
965,0.8,0.5,0.5,1,3.67132e-05,1.83566e-05,1.83566e-05,1,
966,0.8,0.5,0.5,1,3.67132e-05,1.83566e-05,1.83566e-05,1,
967,0.8,0.5,0.5,1,3.67132e-05,1.83566e-05,1.83566e-05,1,
968,3.78956e-16,0.9,1,,,,,,skip_zero_dod
969,0.8,0.5,0.5,1,3.67132e-05,1.83566e-05,1.83566e-05,1,
970,0.8,0.5,0.5,1,3.67132e-05,1.83566e-05,1.83566e-05,1,
971,0.8,0.5,0.5,1,3.67132e-05,1.83566e-05,1.83566e-05,1,
972,0.8,0.5,0.5,1,3.67132e-05,1.83566e-05,1.83566e-05,1,
973,0.8,0.5,0.5,1,3.67132e-05,1.83566e-05,1.83566e-05,1,
974,0.8,0.5,0.5,1,3.67132e-05,1.83566e-05,1.83566e-05,1,
975,0.8,0.5,0.5,1,3.67132e-05,1.83566e-05,1.83566e-05,1,
976,0.8,0.5,0.5,1,3.67132e-05,1.83566e-05,1.83566e-05,1,
977,3.78956e-16,0.9,1,,,,,,skip_zero_dod
978,0.8,0.5,0.5,1,3.67132e-05,1.83566e-05,1.83566e-05,1,
979,0.416544,0.308272,1,0.819225,3.26755e-05,1.33843e-05,1.33843e-05,1,
980,0.8,0.5,0.5,1,3.67132e-05,1.83566e-05,1.83566e-05,1,
981,3.78956e-16,0.9,1,,,,,,skip_zero_dod
982,0.8,0.5,0.5,1,3.67132e-05,1.83566e-05,1.83566e-05,1,
983,0.8,0.5,0.5,1,3.67132e-05,1.83566e-05,1.83566e-05,1,
984,3.78956e-16,0.9,1,,,,,,skip_zero_dod
985,0.8,0.5,0.5,1,3.67132e-05,1.83566e-05,1.83566e-05,1,
986,0.758416,0.520792,1,1.02186,3.6365e-05,1.858e-05,1.858e-05,1,
987,0.8,0.5,1,1,3.67132e-05,1.83566e-05,1.83566e-05,1,
988,0.0601895,0.130095,1,0.680654,2.31331e-05,7.8728e-06,7.8728e-06,1,
989,0.336742,0.731629,1,1.27239,3.14581e-05,2.00134e-05,2.00134e-05,1,
990,0.0231417,0.888429,1,1.49775,1.95039e-05,1.4606e-05,1.4606e-05,1,
991,0.8,0.5,1,1,3.67132e-05,1.83566e-05,1.83566e-05,1,
992,0.8,0.5,0.5,1,3.67132e-05,1.83566e-05,1.83566e-05,1,
